/*
 Navicat Premium Data Transfer

 Source Server         : MariaDB
 Source Server Type    : MariaDB
 Source Server Version : 100328
 Source Host           : 118.31.165.150:3306
 Source Schema         : community

 Target Server Type    : MariaDB
 Target Server Version : 100328
 File Encoding         : 65001

 Date: 15/03/2022 22:13:21
*/

SET NAMES utf8mb4;
SET FOREIGN_KEY_CHECKS = 0;

-- ----------------------------
-- Table structure for answers
-- ----------------------------
DROP TABLE IF EXISTS `answers`;
CREATE TABLE `answers`  (
  `answer_id` int(6) NOT NULL AUTO_INCREMENT COMMENT '回答id',
  `article_id` int(6) NOT NULL COMMENT '回答对应的文章id',
  `author_id` varchar(12) CHARACTER SET utf8 COLLATE utf8_unicode_520_ci NOT NULL COMMENT '回答对应的作者id',
  `content` text CHARACTER SET utf8 COLLATE utf8_unicode_520_ci NOT NULL COMMENT '内容',
  `release_time` datetime NOT NULL DEFAULT '0000-00-00 00:00:00' COMMENT '发布时间',
  `update_time` datetime NOT NULL DEFAULT '0000-00-00 00:00:00' COMMENT '最后更新时间',
  `agree` int(6) NOT NULL DEFAULT 0 COMMENT '赞同数',
  `show_times` int(6) NOT NULL DEFAULT 0 COMMENT '查看数',
  PRIMARY KEY (`answer_id`) USING BTREE,
  INDEX `fk_ans_article`(`article_id`) USING BTREE,
  CONSTRAINT `fk_ans_article` FOREIGN KEY (`article_id`) REFERENCES `articles` (`article_id`) ON DELETE CASCADE ON UPDATE CASCADE
) ENGINE = InnoDB AUTO_INCREMENT = 29 CHARACTER SET = utf8 COLLATE = utf8_unicode_520_ci ROW_FORMAT = Dynamic;

-- ----------------------------
-- Records of answers
-- ----------------------------
INSERT INTO `answers` VALUES (19, 43, 'YY', '测试成功，上面的XSS图片实际上的输入格式如下：\n~~~html\n<img src=\"xxx\">\n~~~', '2022-02-16 19:45:53', '2022-02-16 19:45:53', 0, 31);
INSERT INTO `answers` VALUES (20, 2, 'YY', '迷茫~', '2022-02-21 17:49:36', '2022-02-21 17:49:36', 1, 20);
INSERT INTO `answers` VALUES (21, 43, 'YY', '# 回答标题1\n\n## 回答标题2\n\n### 回答标题3\n\n#### 回答标题4\n\n##### 回答标题5\n\n###### 回答标题6\n\n> blockquote\n\n~~~js\nconsole.log (123);\n~~~\n\n', '2022-02-22 20:46:37', '2022-02-22 20:46:37', 0, 18);
INSERT INTO `answers` VALUES (22, 2, 'test', '在疫情的夹缝中生存', '2022-02-26 15:27:02', '2022-02-26 15:27:02', 0, 8);
INSERT INTO `answers` VALUES (23, 43, 'YY', '## 1、CSRF是什么？\n\n> CSRF（Cross-site request forgery），也被称为：one click attack/session riding，中文名称：跨站请求伪造，缩写为：CSRF/XSRF。\n\n一般来说，攻击者通过伪造用户的浏览器的请求，向访问一个用户自己曾经认证访问过的网站发送出去，使目标网站接收并误以为是用户的真实操作而去执行命令。常用于盗取账号、转账、发送虚假消息等。攻击者利用网站对请求的验证漏洞而实现这样的攻击行为，网站能够确认请求来源于用户的浏览器，却不能验证请求是否源于用户的真实意愿下的操作行为。', '2022-02-26 16:09:59', '2022-02-26 16:09:59', 0, 7);
INSERT INTO `answers` VALUES (24, 43, 'YY', '#### CSRF攻击攻击原理及过程如下：\n\n1.  用户C打开浏览器，访问受信任网站A，输入用户名和密码请求登录网站A；\n2. 在用户信息通过验证后，网站A产生Cookie信息并返回给浏览器，此时用户登录网站A成功，可以正常发送请求到网站A；\n3.  用户未退出网站A之前，在同一浏览器中，打开一个TAB页访问网站B；\n4.  网站B接收到用户请求后，返回一些攻击性代码，并发出一个请求要求访问第三方站点A；\n5.  浏览器在接收到这些攻击性代码后，根据网站B的请求，在用户不知情的情况下携带Cookie信息，向网站A发出请求。网站A并不知道该请求其实是由B发起的，所以会根据用户C的Cookie信息以C的权限处理该请求，导致来自网站B的恶意代码被执行。 ', '2022-02-26 16:13:30', '2022-02-26 16:13:30', 1, 6);
INSERT INTO `answers` VALUES (25, 43, 'YY', '<p style=\"color:red\">\nCSRF攻击实例\n</p>\n\n受害者 Bob 在银行有一笔存款，通过对银行的网站发送请求 \n`http://bank.example/withdraw?account=bob&amp;amount=1000000&amp;for=bob2` 可以使 Bob 把 1000000 的存款转到 bob2 的账号下。通常情况下，该请求发送到网站后，服务器会先验证该请求是否来自一个合法的 session，并且该 session 的用户 Bob 已经成功登陆。\n\n黑客 Mallory 自己在该银行也有账户，他知道上文中的 URL 可以把钱进行转帐操作。Mallory 可以自己发送一个请求给银行：`http://bank.example/withdraw?account=bob&amp;amount=1000000&amp;for=Mallory`。但是这个请求来自 Mallory 而非 Bob，他不能通过安全认证，因此该请求不会起作用。\n\n这时，Mallory 想到使用 CSRF 的攻击方式，他先自己做一个网站，在网站中放入如下代码： \n```\nsrc=\"http://bank.example/withdraw?account=bob&amp;amount=1000000&amp;for=Mallory ”\n```\n\n 并且通过广告等诱使 Bob 来访问他的网站。当 Bob 访问该网站时，上述 url 就会从 Bob 的浏览器发向银行，而这个请求会附带 Bob 浏览器中的 cookie 一起发向银行服务器。大多数情况下，该请求会失败，因为他要求 Bob 的认证信息。\n\n但是，如果 Bob 当时恰巧刚访问他的银行后不久，他的浏览器与银行网站之间的 session 尚未过期，浏览器的 cookie 之中含有 Bob 的认证信息。这时，悲剧发生了，这个 url 请求就会得到响应，钱将从 Bob 的账号转移到 Mallory 的账号，而 Bob 当时毫不知情。等以后 Bob 发现账户钱少了，即使他去银行查询日志，他也只能发现确实有一个来自于他本人的合法请求转移了资金，没有任何被攻击的痕迹。而 Mallory 则可以拿到钱后逍遥法外。 \n', '2022-02-26 16:17:55', '2022-02-26 16:17:55', 2, 5);
INSERT INTO `answers` VALUES (26, 43, 'YY', '       目前防御 CSRF 攻击主要有三种策略：验证 HTTP Referer 字段；在请求地址中添加 token 并验证；在 HTTP 头中自定义属性并验证。', '2022-02-26 16:18:47', '2022-02-26 16:18:47', 0, 4);
INSERT INTO `answers` VALUES (27, 56, 'YY', '已发布文章接口的修改，删除接口。', '2022-02-27 15:41:43', '2022-02-27 15:41:43', 0, 4);
INSERT INTO `answers` VALUES (28, 59, 'YY', '理论上从HTTP/1.1更新到1.2，2.0，这么多次更新应该会出现新的HTTP方法的。但是我没搜到，难不成没有了？', '2022-03-01 22:25:28', '2022-03-01 22:25:28', 1, 9);

-- ----------------------------
-- Table structure for articles
-- ----------------------------
DROP TABLE IF EXISTS `articles`;
CREATE TABLE `articles`  (
  `article_id` int(6) NOT NULL AUTO_INCREMENT COMMENT '文章id',
  `title` varchar(40) CHARACTER SET utf8 COLLATE utf8_unicode_520_ci NOT NULL COMMENT '文章标题',
  `content` text CHARACTER SET utf8 COLLATE utf8_unicode_520_ci NOT NULL COMMENT '文章内容',
  `author_id` varchar(12) CHARACTER SET utf8 COLLATE utf8_unicode_520_ci NOT NULL COMMENT '作者',
  `create_time` datetime NOT NULL DEFAULT '0000-00-00 00:00:00' COMMENT '文章创建时间（默认：当前时间）',
  `update_time` datetime NOT NULL DEFAULT '0000-00-00 00:00:00' COMMENT '文章最后一次更新时间（默认：当前时间）',
  `agree` int(8) NOT NULL DEFAULT 0 COMMENT '赞同数',
  `type` bit(2) NOT NULL DEFAULT b'1' COMMENT '类型：0问答，1文章，2选择题',
  `tags` varchar(150) CHARACTER SET utf8 COLLATE utf8_unicode_520_ci NULL DEFAULT NULL COMMENT '文章标签，逗号分隔',
  `show_times` int(8) NOT NULL DEFAULT 0 COMMENT '文章展现次数',
  `img` text CHARACTER SET utf8 COLLATE utf8_unicode_520_ci NULL DEFAULT NULL COMMENT '文章封面图片',
  PRIMARY KEY (`article_id`) USING BTREE,
  INDEX `fk_article_user`(`author_id`) USING BTREE,
  CONSTRAINT `fk_article_user` FOREIGN KEY (`author_id`) REFERENCES `users` (`user_id`) ON DELETE CASCADE ON UPDATE CASCADE
) ENGINE = InnoDB AUTO_INCREMENT = 67 CHARACTER SET = utf8 COLLATE = utf8_unicode_520_ci ROW_FORMAT = Dynamic;

-- ----------------------------
-- Records of articles
-- ----------------------------
INSERT INTO `articles` VALUES (2, '如何用一个词概括2021年？', '央视新闻联合知乎发布年度大事记视频《穿透》，给出了答案。用知乎年度 100 问，回顾今年那些「向上穿透」的瞬间。曾经我们面对着无数坚硬的天花板，但再坚硬的天花板，也挡不住一个时代的穿透！（联合策划：群玉山）', '1', '2022-01-05 15:12:52', '2022-01-05 15:12:52', 358, b'00', '生活,情感, 社会,正能量,2021年度盘点', 1050, 'data:image/jpeg;base64,/9j/4AAQSkZJRgABAQIAOAA4AAD/2wBDAAgGBgcGBQgHBwcJCQgKDBQNDAsLDBkSEw8UHRofHh0aHBwgJC4nICIsIxwcKDcpLDAxNDQ0Hyc5PTgyPC4zNDL/2wBDAQkJCQwLDBgNDRgyIRwhMjIyMjIyMjIyMjIyMjIyMjIyMjIyMjIyMjIyMjIyMjIyMjIyMjIyMjIyMjIyMjIyMjL/wAARCAFOAfQDAREAAhEBAxEB/8QAGwAAAgMBAQEAAAAAAAAAAAAAAgMAAQQFBgf/xAA4EAACAgEDAwMCBAQGAgIDAAABAgADEQQSIQUxQRNRYQYiFDJxgSNCkaEHFVKxwdEW4SRiMzTw/8QAGgEAAwEBAQEAAAAAAAAAAAAAAAECAwQFBv/EADARAAICAgICAgICAgECBwEAAAABAhEDEgQhEzFBURQiBTJhcZFSgRUjM0KhwdHw/9oADAMBAAIRAxEAPwDioNonps5IqiyYgYMAJARBEBcALWBSLiGUYAViAqIFzApIMLEVQQgMICIpEiGWFhZSQajmS2WhqiSWkMAzFZaQYWKykgvTzFZWpYr+IrHqWK4WPUsJFY6L2QsdF7OIrCiFIWFAlI7FRRSFi1B2fEdioFkEdktCikdk0CwjTJaFsuYyGgTXHYtQGSOyXEHZHZOoJSVZLQBWFk6lFIyaAIxGJoDbAmi9sLFQQWFjSL2Z8RWPUai4iZaQzHMRQar7xNlJB7fiKyqBK5hZNFFOI7CitvxCwoopCxUCVjsTRQX4gKggnxCx0Fsx4isdBARMZeTEUTdiAWUbPmFBsJvYMJUTOTs5z43GanOzZujCwS2BAlsD1BmMWxYsBgCYYPEQy4hhCIohgMkALAgCCAiLLgNBDtEUXtzEVRYXmIaQxVEmy0g9oiKSGIuYrNFEcq4k2aJDAsmykgtuIrKosLzFY0hgr4isrUmz4hY9S/TisepfpwseoJrhYag7DHZOpRU+0LFqAVjsloE1x2S4gGuOxagGuOyXEA1RpkuIBXEqyWgSsLJcQSnEdk0Ca47JcQDX8R2S4gFI7JaAKZlWTqT04WLUmyFhqWFhYUXthYUEFxE2NIaqyWykhqrEWkHt47RFUD6cBUUywE0DtJMdiospiKx0CV+IyaK2QsKLxEOiEAeYBQDWBe0aRLaFNcI6J2Evf8yqIcxJvJMdE7AtaTChOQktkyiGai2ZQmwGbIjRLFEkRkkzzAB1beIikMB5iZVhAxFJl7oh2VmABKYFIYDEUiZiKQXmIpDFiZaDCySkggMRFJBhcxWaJGhFkNmiQ1UzJbLSGBfaKy0hgrktlpBiuKytRgT4ibKUSxXnxFY9S/SPtFY9QvSiseoJpJhYagmkg9o9hagGqOydSjVHsLUA1D2j2JcRZqxHZLiAU+I7JcRbJ7SkyGhZSVZLQOyFiorZiOyaAK4MdkuIJXMdkNCzXHZLiBsjsmi9nELFQOyOxUVsEdiohGIAWoBMQDVGeYmUkOAiLDC5EQwtkVjoEpHYUVge0BANGSK8wJKLgeYBaFG0eDKohyE2XfMaRDkZnuOeJVEOQlrSfMdEOQBfPmArKDcwCyFoBZAYDNU0IBYQEwCICKxGIJTEMasRSDzEUQNALJnMGNMJYi0MBiKLHeIpDF7SWaIao5kspIYBEaJDFTMmzRIaqSbLSHokls0SHKkls0URqp4ktlpDFQnxJstIaKpNlUNWn4ispIYKYrHqGKPiTZWpfofENgoo0fELDUA0x2GoLVfELFqKaqOyaFtVKsnUUyYjTJcRZSUmQ0LauVZLiLZOY7IaFMntKTJaB2HHaOyaBZfiOyWgSuIyWgCsaZLQG3mOyNSbY7FRCsBNAbOY7JoErCxUWAfaFioei4iNEhyqCJJSQagCIpIL9oDAYcwJYmxlUd5RDdGay4ARpGbmZX1I95aiZOYhtQTHRG4o2tHQthZcwJsFn4jE2KJ+YySs8QAo59oAWASYhoYq8QGa5oKiEQECVgIEL7wEQLiA6DXMQ0FmBRXeAF9hENBCItDAYikGJLLQ0SWaIaoklpDkEls1SHqMSWaJDlWQ2aJDkTJktmiRoVJDZokPSqS2aJDkqktlJGiun4ktlpD1o+JNjoatHxFY6D9GKxk9GFgUaYWAJo+IWAt6PiOxUJag+0dhQhqiD2lWTQpqo7JaFGsSkyKFtXiVZLQpq40yHEWahKsnUHYAI7FQDII0yGhJWUmZtC8CUSCVxGTRQURiophAloEgRk0VsBjFQQTEVhQYEBjlkspFM6AdxAG0JfVqo4j1IeRGO3qCj+b+ktRMpZTG+uL9pSiYvJZne4nzKIcheSYCJ+8ALA/eAysfEAAcQRLF8RkkzACwYikMGMQKRW7HYQEawZoIkBFQEXAdExmFhReMRBRXeAyxAZPMRQXtENDB3gykGveQzRDU5ks1Q9e8lmkR6SGapD0Els0SHouZDNUjQiSGzRI111yGzRI0pXJbLSNVdUlsujSlXxIsZoSn4isG6GimIlyQfoQJ3J6AgG4JogVuUaOIBshbUH2isdoU1PxHYxD0/EdjM70Z8SkxNGd6CO4lpkNCnq4jTJaEtXKsloSymUmQ0KKd5VkUKZZSJaFOIzNiiJVkNAEZlEFYjsRRHMCWVtzHYqGLXFYUWVCjJOIWD6EPqUXtzHRDmkZbdfjuwH6SlEyllMNvUT2X+plqJjLKzFZq3fu0pIyc2xJuMdE2D6uO5joVhrZntmIaYe5veIdlgNmAKxinERaKL5hQWCx4jExfmMkGAixAaCBMRRMwA28+0sVE5gFFge8LHQapE2NILbiFjooj4hYqJsisqi9nxAdFFSB2gFEC45MASDWJloNe0lmiHJIZaHJ3ks2iaUEhmqNCDsJDNYo1VpIbNYo11VzNs1SNddfMls0SNddUhsqjZXV8SGxmpKoiHKjSlMZlKY4VCBGwfpR0TsQ1xUGxXpD2hQbFGoQoakLaqIpSFNT8QNFMz2U5ERpGRmarb3EaZQh68ykwM1lfsJSYqM7VykyKEPXKsloUySkyGhDpiUmQ0Z7FloyaFFMykyGgCnxHZDRNsdiov0m2l9p2ggFscAnsIWKjdZ0TXU0ixql3Fd/pbwHAxnJH/HeZ+aF1ZSxSa2SEdP0Gp6jYc50unAJN9lZ29wMSp5Iw/wAk48c8l0dy/wCl+maPRevdqNTqy+ApVgi/2nM+TJ+jaHFjJtSON1X6a0moaoaLUWaZ2422ZdT857iXj5cl/ZWGb+PjL+jo87r/AKetqvarQayrWtu2itftfHucnHf5nTDkpq5Kjhy8GcXUHs/r5Ofq+i6/R6dLtSiqWPNStudV/wBRA4A495pHPCTqJhPiZYR2kv8At8nNtAVjs3bfG7vNkzmnGvR2dH9JdW1uj/ErUE3LuRLPtLjOBj9fGZzz5eOEtWdWP+PzZIbo5Gr0eo0N5p1VD1WDww7/AKe83hOM1cWcuTFPG9ZqmLFhWURY5LQTkxNFJmhbM8CSWmGeREUAUOY7Joorx2gFFbIxUCV5gFFgfEB0F6bGKx6sgq47wsepsBlioLEB0WFisdDFHmIYWM+IWOitvmFhReIDoqAFYgFE2xWOiwMQHQQHElloakk0Q5JDNYmmvvIZtE11jtIZtE21CZM2ibal7SGzVG2pJDZaNlVchsZtqq7RGcpGyuv4jowlIeqRmbkGEjohyCCx0Q5F7D7RUGxRX4hQbAlYFKQDJEUpCmWItSEukRrGQh6sxGqkZrKsQstMz2V+8pMZmev2EpMTRndMdxKTJZnZJaZDQixJSZDRndMykzJoqrTWX2rUi5ZjgARuVKyVFt0dd/pLXG3bS1bpjO4sBz7SFmVdkyjFfIOj+nH9M6rXN6GmQ5YYyzj49h4zHLKl6EoNvVFXfUVent2aOquuis/wq9gwD7/r895nrJ9s3/RLU5t/VdVqLHsNh3v3Ihoh7uujNquoa3UKFtvsbb2yx4jUYolylRt0urtt0JrusICDK57zOUUpdG+OVx7OLqtRZ6uGtceBkzeMVRyZJu/ZzLDt1G71MMDnvNl6OVupXZ6DSdJTVdOXXO5Vd33HxicssrjLVHfDFGcVNs8g+lRtVsQBwWwBngzuU6j2eRLEnKkfRtL9RerofxFmlZTTw6Kfbgd55csNSqz28eS4XXoHW6vRdW/hpo6tXtRipsAIViPOfH6QgpY+7oclDKqqz5RbS1NjVWDDoSrD5E92MrVo+TnFxk4y9olffGI2JGhe8ktGhYi0GIhhEDERTFERokEjjvGIi4ETGg93ERVkEBmsJgzQVBgQHQQXMmx0EEIhYUWsTHQeMxWVRRSOwor04WGpPTPtFYasmyFj1CFZMVlKJfpmKylEMLFZaQ1VktmiRorBkM1ibKRM2bxN9IwBM2bRNtQHEzZqjfUvIkMo3VJzIE2bqljRhJmpBKMGxoEDNsYqRmbYwL8R0Q2FsjoNgWWKgsUUiotMopFQ9hTpE0WpCWWSaqQlkMDVSFOkRpGRltQYgapmVxjxKQzLYBKRLM7rLTJYh1z4lIhoV6RJ4Uk+wEdkUeo6VoK+m6c2awILW5NZxke2T4/SZTlbItyVQ/5F63rmmrc10JsLHLOvv8Se36NIY6f7uzi9Y6m+rpCqxAPc9siOC7tlSSjGonnHoYknM32OdwfsEYXuYB6N2mfp+CdVeU9sLnMzkp/BrGUPli7OpaBdSRVv9If3j8c67JefGn0cjqGtquvJpXC5m2ODS7OXNlUn+pxdUx3EzoicWQqnXau2n0Vus9Jf5QxAH7QcIp3Q45Jtap9FNa1FDAp92eGJ/LBK2DbivQWi1usdnX1jsb82T3kzhD3RWLLkbqz2+moHTen2aqnbYVXOCeSQPE89y8klFnsRisWNyj2cLX3dF6pp3st034XVYdhaDt3NyQCPPIx+87May43Sdo87M+Pmi5SVPvs8qtiLzO+meLaGrfXjMVMeyKOqGeMQ1DcsaowoFMI3sR3ioexXqNGFhBiREUWMwGTPMALB47xDs6ZlGrJmIQamDGg+DJK9hACA6DAiKSLxxAZYXMQUNVBiKy0ghWPaKytSbPiKx0X6WYWPUJaee0lspRHrSAJLZoojFqktlqJqqqxIbNoo21qABIZqjVXgGZstG2p5DLN1LjtJYpI31MI0c80akMaZzyHoJRi2OVZSRm2OVJSRLYez4jomxbqBE0UmKklEIgAl+8lmkRRSTRomKZYi1IS4ETNosx2+ZJ0RMVgJlIsQyZ8SkxArVk8jMdk0F+CDMMnj2j2FR3ukaSjS6O25alZ9+CxGcDxiF9Wcee3NQTOX1YCxndmJJ55md9nXjVRo81ajBsjE0TQmmX+Fstq9RuEHEWyQ9W/ZzNdelLlAc4mkE32YZZKPRx79WuThpuonHPIYbtaSpUGaKJhLIY31JHmWomTmLXV4PJjcRLIBfqgQR5944xJnkE6fUmlyR2Pce8qUbRMJ6s0dQ6qNVgJSlYxztkY8Wvtmubkb+lRko1T1vkHA/wB5copmMMjTO/0/rt2ncWPaCOWAz5nLkwJ9JHoYuXKPbZl1muXq2uXUahCKyQrBTg49/wBZpCDxRqJjlyLPPaS6ODaho1NlRJIVuM85Hg8fGJ2Re0bPInFwm4hKM9sxhQxVPtFY6GqpzwBFY0h6LjBkmiQZUQHRBwIDIO8ADxxnEVlUDgwsR0maUasgPMADBiGEGiodjEYGSykxgbzmIpMYrBoFIYAPEkqhigRFIMAeIiiwuYhoMJiKykhqrjxJZohyj4kstDVUSWaIcuBJLQ1TJLQ1X5EllIelhkMtGiq8gyGUdGjVccmIiUUzdXqB7x2c88TNlV6nzKUjlnBo21uDzNEznkjSvM0RDG4GJRJk1DhBM5M0grMqXqeczNM1lBot7h2EGxKIAOYivRTMBBjXZnssz2kNm0UZ2MRtES4zA2izK4AJgaCcZPbvKA2VdK1VlQsUIBnsW5EpJs558iEXTHaXRVF92otTahIKg9/aJNfJGTJJKoo1rqMU/h2IYDsRxkRb/Bk4PbdHP1aadsGxv28TNs6sbn6o8t1S+v1itQAUe3mXAuZxNV1C9a/TB2oPAM3jBPs555JJUcLU6l3OTOiMUjhyTbOdZYSTmapHNJmZ3MszbEM0pENimaUiGLLZjEAWgKwWYxibBDxisOpzvGImhxbs9l9PdJ02s072XMN68Bd2AJ53Iyyi6R7PDwQnG5HnutWaXUdXus0iBKRhR9u3JHBOJ34FKONKXs8fmyhPM3BdCKRngy2YRNiUjHJk2aqIa1qveKx0kUxEYMg5EBFEgeIDspW5gCYwPgRUUmT1IUFnS25js3aLVDBsSQWMDtJsdFFTHYNFr2iYIIEnzAY2vJPYyWWjSqtgZk2aUy+RACbiPMB2EthHmJoakMW4yWi1Iat2JLRSkPXUD2ktGimNXUL7GS0aKZ0+maDUdUsxp0OwEBrDwqzNui3kjFWzff8AT3UanK11C5f9VZH+x7SbBZoNdujn2U20WtVYhR1OGU9wYrNk7VoNCZLLQ5DgyWUmaUsAHmQMauoA/miAtupekNxYYHzEJwizdoeo6q2hNSahTpHBK33uEU4OOAef7TRKS7OPJHE3qrbO707WNq6TZW1Ni5O012bg4HkTaDbOLLBRfyajqgoG5XyeANpzmVt/gzULOL9S9Y0XRdAdX1D7wR/D06WbTZ7kn4hps+zXG2k2nVfP/wCHga/8T+h36zZ+B1eiqH81FwYknvlWGMDvxLlxX7oIcxPpu/8AaPb6dhU1Vx19ep0OoI9DUcYOf5TjjP8AScsoav8AwdO28XS/ZfB3vwXqaYPVYdxXOPBM28dxtHH5alTRzLktqIFqMpPbMwkmvZ1QcZegLKnWtbCPtbsYmmlZcZJujOxMk3QtoGiANDNWbDwgOMn3jr5G5pPX5Ohoulp6dWpclvuzjOAP+5oo9Wcebku3BGbqPVqULIlmwLwMcYkSlfovDga/aZ5HV9X2uxViST3MFCzqc1ETT1W66xalubJ+fEbhSsUZpujp166mwClrCSODMmn7NLViNV0iy0bq+Qewgp0TJJ/Jy7+lenWxuGT/ALTRZbfRDxKuzymuVa3Zfad2Nto8zMknRyLHyZujjkIcykZszM0tGbFM0okAv7RisAvAlsWXjJbIGzALH1jGDEzRI9z9O/htH01tbqAdxYAnvxn2nmcjac9Int8TTHi8kjyV7G/UM5Hc9h2npwVKjwMst5tjKqzkRtkxRtRMDmQzZIJlBESG0JKc8SiCwMCAwWEBA7TiAFhYDonaAzuBTIs7NQ/TPtFY9QlpZotkNQbKNLDjENhaFrpWaDkCxMaulJOMRblrGbtPoSgy0zlM2hioltRzgQTCUQ6unXWjgH94nkSGsLYu3Q2p4B/QxqaJliaFrpXI7R7IlY2OGgsZd25QPbzJc0WsTqyzpSOFOfmLYrQ0roGFG443frIc+zRYuhJpdTjzHYtWj6b0ainT9IoqowFKB++SWIyTmcrbbZGS1I36ZMhnJH65igvkjI/g5PXOnjW2Ldpl3Mi4cgdx4jb76Onjz0VTOG2gdEZscDvJ2O3oSteDEMJl44MQzHqWZFP3YjQmP6R6PSuhaz6o12lfUNTYU0uGHAxgkA8E5yMn5xNkvr/R5+WblLW/8nyzrH+IHVNRrbrarm/i5DJafUVc8YAPHHj2ndj4cWrn2edm/kJRdYlRxNH9U9W0d6XU625HQ5TDcKfgdhOh8fG/g41zMyfs30fXPXKlsC9U1aGxizbLSNxPcnEn8aH0Uudk+WczVdW1GsJe617G8lmJmkcSj6RlPPOfcmY11GH74lOJmpdnrfpn6n1PS3NJtezSXEC2kvgE5yGHswPY/wBeJx58KkmenxeQ4STPv3SfqfSDQ6j1rq3TS/mZAd4Xjlk8EZ5wSPInFCaiqZ2ZcDlK4/P/AB/yddDpeqV16uq71KWGABwGI/6jajP9jF74m4tdmexhYl1bBRkYVSOQZm3do0j+rTRztXordOawMWM/hfB9plKDjR2Ys8Z3fVGG1nqcq6EMO4k/4OqLjJWmekppp/y+pDjZt3E4z+p/WdCS1PInOXkb+TzPXevorhNOx2qMZHExlLZ9Hfx+Porn7PFa7qAYk7pUIm85nFv1mczdROWeQyrrzXarYBAOcHzLcLVGPlp2dKvr9FVzWV1Ozsc/ewwvwABMngk1RuuVFO6Osn136emZVrzaezN4ma40rCWfE+6OTrvq2/VVGshQD7CaR4yTsmXL6pHmNTrDaxJPedcY0cE8lswvb7GapGDZnazPmUkZtiWaUZsUzShMBmjJYBaBNgFoySBsGADlt7c9oqLTO1Vdbr9Imn0x2OM7+Cd3sMeJhSxy2kddyzQ0h0zb0/6W6hq7kru1VGnLoWUO2SRj44748+fMjJzMcVaTY8X8Zmm6lJI5F1tmh1dulvYerUxRtpyMj5nVGpxUl6ZwZFLDNwl7Ra9Q/wDscQ0F5Ri63d/MYtRqdjBeuPzGFFbInrj3MKHsQ2j3ioLB9bHmOhbFet8mFBsQW594UGx7FaR7Tl2PZ0DFIMWw9DRVQMYMlyLjEc+kUpweZKmU8aBTTjHzG5CUB9em2kYkuRagbFr2jkZkWa6h16astnETkwUUdXT1r6JAxkTNs1S6M1+jXucD3lKRMooyulFaj7lPvKTbM2ooRvqscVVfe7dlXkn+kfa7ZO0fSG0dL1OppN1SjHJVWOCQO55/5ieSKdC0fsZd02zS/wD7Oq0tIxkFrc5+ABFun6KSZkv0tyXUJt9T18ei9Z3K/wCh/wC41JUJ3dHr+nLaiJQNdQ+38yrxt9/mczkn6LnSVyidfSA1s9dmPSbnI8Rw66Zy5Gn2vZm12pXSqW/EuCPy7T/xJnKvk1ww3f8AUml6iblBtqpuDDlhwT+sI5H8oeXAo/1bQ09A0uprZkV9O5H285UTVQtGf5c4On2cXUdA6glu0FVTA/iEHAycYwJLTXtHSuVBq0dfofS9Pd0qzSa2ii65LmW7yf69xxNMcU0018nJnzTU1KL6o8B/iilPSPpcdG0WsOwan1DQ/LBTkkbvYHHzzNcCXmr6Ms8pPC51VnwpwQxnsL0eH8i8kQAm4xhRYciAUWGEQqNFNxRhzxJkrKhJo9F0j6g1fTNSmo0t7VWoMBl8AjE5cmFSPRw8lo++/Q3Uv886anVjY4b0zXfQDlTYD+cD3I4InnqOsnfwdmWdwVL3/wD1f8np6dPp2tOr9TcHOUB4A/8AcIxj/czlOVaAa3WJRWrW4Dk/areIsmSlbHixubqJ5nqX1NpNCljvpFssfGd3GSJgsmz6R3x40klcqSPK9X/xGvupNNSLWvnaeZooTn7FGOHE7XbPG6n6ktsYkzaOAU+VZgs6wzDkzVYjnlnbMlnUyZooGMswhtfnzKUDN5Afxo95WhPkKOt47w0J8go63PmVoS8gs6nPmVqRuLN+fMdEuQBtjoTkCbBHRNgGyFCsEvGTYBaMQJMCSt0AJvjoVhV6l6myrEH4MTin7GpuL6O10bU/idei3XCvjIdjwCJz546w6R3cXJvkWzow6+9uodTv1GFHqNxtG0Y7A/2nRij44KJwcnI82WUhYq2/P6S7MtaHqmAD7ybLSGAYHMQw1gNFn9YhlRgTEBhqpxFY0j3xIPYYnAe+yKeYAjTWwHEhmiGhx2JiKK9QL2gK6G06kbvuxJaKjIZZqxnAESQ3MX+MKDJMdWTvQi7rz0qQDiUsVmcuRqcbXfU2oZSquRNoYEceXmSfSOJd1rUO33Wn+s3WNI45ciT9s9j9O6qronRH6xqbka+5PtU2dlzwMd8k9/2nn8hvJk8cfg9fjQjjw+XI/Zw9X9aavXs9d2qIrPOxAAP0nRHixj3RyvnN9fAqrr+mSlkRC9tg27yM4EUsMr/wVDlRql7PZdF6x6X01alSEX0lzu/NODMv/MS+z0sMbht9HjdJ1TXnXm8W2eoWyWzyZ2zhDWjix5MjnZ9F6R9UanFY1T7weBxOCTcX0dzwQyL6Zv11xv3MqPyMjHbMwcrdmuKGiqzir1H/ACx//kOPWLcKPb9Zolt/UqbjVSOhV/iTo6iKrDgDypzidKWWvR5s8WG/7He0n1hoeoVqtOpqDntlsH/1E8skqaoj8b5i7Rwuv/Xy9Ls9PSrVdew2las7j7cxY/JkfXS+y3ix40t7b+j5L9W/VHVurh6eooFKvk76wr9sAH9J6PHwQT3Ttnn8rPPXx60jxDtk5neeX7FmMZUAJACAQANTzARsqJxM2awPc/Rf1JrOnE6Gq90qtcNtQA7m8Zz4nm8zFa2R7HByRb0krPuGgVNr16p8Wu4uVAOAT3/v/aedjr1L/Ztmb6cF0ujW7jXevp7kCVV/cHJ7GaXvcX6IinjqcX2z5z9WaQ6i52oUkL5B7zPHJRkek4yliV+zyNX0r1PWKbErIXv9xwT+k6vyoR6OT8Sb7fRwNX0/U6fUNU6MCDgzphljJWcmTDOMqZiuR6+GGJrFpmMk17MjPgzRGLYprJSRm2AbCBKIbBNp946FZXqGOibBNpgJsr1THQtijafeAWV63zChWV6pgKyvUPvGFk3wFZA8QFkwGDmMmisxio0adsWLziTL0aQ9nuV6bodT9PVrR6YuCixSmA27thvJ/b/1PN8845nfo9z8TDPjJR9+/wDP/c49umGmb0nXF45POcgzsjPbtejzJ4fH+r9nqtBruj6zpleg1tIrRU5faMqcdwfHM4MkM0J7wZ62HLx8mJYsiPGa01LqrRRYbKgx2uRgsJ6cL1V+zwsyipvR2hVdp3duJTM0wzZz2ioqyA5PaMQa/pJKRoXG2I0SPbBMzhs9zUhXaMgxWFUGtvHMTKTLNnsYgbBNsKFZFck4jYJjgpAzmTY6Eah9vkSkRPo42rs3kgZY/E2j0cc3fSOR+H1Gt1S6bS1tZa5A4HC58k+BNXkjCO0n0c0cU8s1CCtnc679H6bpPTm1Neov1FyqMqwAUHy3+2B/vOLDzpZJ6tUelm/jIYsbmm3R4S3UWM53uT+pnppL4PGlJt9slN1Yb7n484EGmKLRtGu0iWIRUWUEZBbGZm4Sa9myyQTXR6BPrELortJp6a9Lp3XAStck/JY8zjfDeyk3bPSjz1q4pUjm6DrZ0dxZdrA/6ptkwboxxcrxvo9P0v64pptLamithj7dq85nHk4T/wDad+P+Ri+p/wDwdD/z9brNyitE7bec498zJ8KSLjzMR5H6i68ut1jtpuK/E7eNx9I/scHM5e8v09HnG1z5/MZ2qCPNeVljqVq9nYfvDxpiWeS+QG6peXD+owYdjnkR+NeqE+RK7sTq9ffrHL3Ws7HuWOSZUIKPSIyZZZHcmZDzLMisCAysQAmIAQQANRyIAb9OmSBMpM6ccTsdNQV6us4LDPIHf9py5ncWd3HjU0fezrH6TeQK2sW6ivbqCMlm28kn3/L/AEnjq0+j01jWVdv030btNcdd001JlbN29+ODzz/3KXcdTOcPFk2fr4GL02jJJUMRxDxoT5E/VnGsNfTDYWRth43KM85/sJhWro7U3lS7PGdS0L36h9Qw3BsnkZm0JpKi8mO3Z4zqunAYlRPQwyPK5Efo8/dWQe060zz5IzsstMzaFN7SiGLJ4jJZWYyQcwEUTGIAmMRWYATMACAgFBARBQQWA6CCxWPUhTiFj1BKx2Q0RcAwBHb0uvFenDI5W1T275Ewljt9+jthmqPT7G1ag6ghFQbieCDzCte2Tbn0kb9TobNFSfWqb1LPyhsgrIhkU30/RrkwPFH9l2zlaml62UNt5GeDmdEZJ+jhyQcX2VWkbZKQ3aT2EVl0MFREVlasalRPiS2WojPSbwpisvVnuwikTz7PdoWV5xHYqC9NAvI5isNULNZ8R2S4imyOCOY0yGiIMNyYNgkNdjjvJGzLZS1h/WUpUZuDZl1mhur0rMgyuOceZccib7M8mGSjaOr9G01pp7yq/wAcn7zjnHjn2nHz23JfR3/xijGD+zT9VU2W9LsSsgF85J8/E5+LJLImzr5cXPE1E+P6ul6nIJ5n0UJJo+QywcWYskGaGAW8wHZYtI8woNmH6xHaKh7MJbj7woakzVp9QFcFhkeRIlG0bQnT7OhfqOn26YgVuLscFeAD8+8xjHIpe+jpnPDKPrs41i/dxOlM4ZIUVMdmbTAwYxFQAqMCQAuAiYgMgEVgPqTcQJLZpGNnregdHq1/8Fh/EcYVs9j7Tz+RmcO0exxOPGapnpfpv6Ts9XXjVt6apWyq3chuDwPecmfkqSWp14eM8be3z0ezsXXV/RpN96JZRYhJYZJK8bR+uROeDt/4NZ/rlVe6On0DqP8AD543LgjwfaUv1ZWfH5IpncTVA0E4G4HGPeVt0ccsTUqEWurF+BnHnzIZcItUZbelUNpR9oGfjv8AMh41Vm0eTPfs+WfVWgr0urKVNuU8njtOrjSbXZPLS9njrqc5nemeZJGGynE0TMXEzPXiWmZNGd1wZRDQthGSwcRiooiFiorBjsKJiFiosCKx0HthY0i9p9oWOggpisdBhYh0QiACyvMqyWgSvOY7JodQWzgDJMllJHc6fpvS1Vfq8A459phklcXR2YseslZ6Lr2vrvfTaZXD7KwDYffJzOXjY3FOR3c3NFuONO/8nm7kDXuRyM8Tvi+jx8iuTotU94Ngoj60yeBJbLjE0ekcZxI2NdTsdG6Q+pY6hqQ1Vf8ArOAx9pzZ86j+t9nfxOK5vZrpGuv6e1d26x6ACWP5GAH7TJ8qC6TN1wpyttHRBBPeM1GLye0hspIJgMQsbQPpg+YWLUMaZXGeYtg0L/B4huHjBNOeMCGwtQhpsgYA/eLYNAzQQpU/lxyIrKovpumu0rWXUhFpY4YFsZPx8yMrjLp+x4Yyh2vRr1OivvpNjoBxjYDziYrVdI6G5P2eE6l0CtLj61bYsP2YBBH/AHPRx53X6s8rLxo7fsvZk1v0TZQgdXU54xnkGGP+QTdNCy/xNK0zh6noF9ClioKjuQZ1w5MZdHBk4UoqzmPptpm6kcjxUD6Jj2FoT0iIWLSiwCDAdBDMACAisqgxWGXmKx62IesAykyHEUUjszcQdsdiosLCxUWFhY9S9kLHqEEispRH1LyJLZpFHvPoXX06TqK/iHRUPH3/AO88vmwbVo9ngz6cbPoFn1f0wde2dPZWUqB6jdmOOfE4pYpR/dI6ses4+Ob7O9r/AFD0OwV1m12JwW47+fnvEvSM4/8AqHA0Fb0oFIxjxLfZ2xXR3dPYdozETJWPYljmBEUl0OsV79C207XRcCNq0YKoZP8AZ856306y6w5BzmaY5qJtmxOZwLfp+/cQKm484mv5COd8SRx+o9Hv0pIdCp9iJvjzKXo5c3GlD2cSyk5PE6UzjcTK1UtMzcRDpKTIaFMsZIODAVF7T7QHQQrJ8RWPU0U6R7CAqlifAEhzS9lxxt+joDoep259Mn4mX5EDpXDnXodp+g32nBUg/pJlyYouHDlINug3h9uwk/pEuTH2U+HNOqIegakcek39Ifkw+w/Cn9Av0HUKMmsj9RGuTF/Inwpr4Mb9NsU42maLKjB4JIurpN17bVQ5g8yj7HHjSk6R2OnfT9tdge2jKg5+4TmyclNUmdmHhSi7ki+pKfxANQIrI3D9Zrg/r2c/L/t+voVp9KXbOee81lOjnhjbY2zT7WPHMSkU4di/SBjsnU6HTdA94JFZKg8mYZcqidXHwOfdHYPS1LCtRuPj5nP5n7Z3fjK6R6ejRjTdPrqRcDHIznE8+eTabbPUx41CCijbW9a1qo7ATJvs0SPLVhp6rZ5iRqU4Eg0QYPxEAQHOYhjUIETGhwPvJGRlQcniOxOhD3BI0iW6BS2qy1Fa3apH3H2idpWEak6sXd1Smmss6k0p9q/rJ1bfXs0c1FW/RlHWNXf9w1GyofyZ5xCUIr2hRnKXaY1+oV0aY9rrFYOotJwp8ETKm39I2bSj9tHgtf1nU/jLLwcsWzzyuf0nrY8EdUjwM3JmpuSOPf1TVXWtZZaxcnPfj9hOmOKCVJHHPk5JO2zIdQWPM01oweRsr1DHQbFbzChbE3ZgOwhExoMRFIZg4iKpgFSTHZNBijjmLYrQjaYFcjvDYTxgLpyWxHsJY7Or0/oX424VC5a2I+0vwCZhk5Giujqw8TyOrNPVvo7qnSFFl+nJqIyLE5UycXLx5OkPLwcmPv2cI17TyJ02cutEB2wC6H1ahkPBxJcbLU2jo6DqLabU13gZKMCMnzMcmLaLidGLNpJSPpuh/wAQr9WwrvFWAMbCPtI8zzp8eUV7PRx5MMn6pnp9Dfo9foLL6QqbTknd59sTDtOmdOzUlTtM0IQVGIzRj1biMVGjT2Ethj9uOc+Y0c+WCroy6nSU2M77A2f5Zm4/RrCcqSZi/D2MhKoFXOMCS4I28lOmzP1PodOr07eqMMBgN5kpyh2jNZI5Hq0fLus9G/BXMqkPnnInpYM267ODk8fR9HnrqCvidilZwShRgsQ5miZg4iTX8SrJogq+Imw1GLUIrKUR1dQLDiS2WonoOmaU12AkYM5sktkduKLi7PY6DRhqwVOCe5M8/J7PVxXR0qumoxLYX9RMW6N0rHJoKhYAwBx5A7xW2hrpmoaOjJwFJ9pnTNNlZnuoqclTWMfIjSa7ByT6OTq+i6dwWWsKRN4ZJIwyYoS+DHpujtTdvxhZtPImqOeGJxlZutLKMMAa8YImUYI3nkf/AGPO63Rq9p28gecT0Mc6R5OfHs+hH4YVjOJe9mXjoX6RbsCTHsTrY0dM1RJ/+NaAO/2GT5Y/Zp+PP/pZ3Om6e/S6cpdU6KfcYnJllGTtM9DjwlCNSR0UtWs84mLTZ0qVGoawNgKeJn4zTyE9U57Q1HuzHVp51ORzqI8aX4k7D1DGm9xFsPUIUAeIrDUXZWV7RpktC2ZgvfEYmIs1O1feNIhyORrOoOmccTaMLOXJlaM2k1y2Oowz3lvtHbb8k+3vDJBr/QYMkW/tm3qtyUaapXetrWXdgfcAZy4rlJ16O/O1GKT9ldLqqvWy3DE4GGK+Ys0nF0VggpLY3N0x9WzWNhOMKGGf/wCMx8uvRu8W3bPn/WNJbp7rGI/hBiB8z2uPkUkvs+c5eKUG2/RwLGBM7EebIVxKMyFhACAwEEpiKTGAiItDq8GQzSNHoum9Nq6jTsV6xd/KhON37zjzZpY3fweng48c0aT7Cb6Y1qWgGhhntx3iXMxtexv+Pyp+jXqPpm7TaIai6plJ7KZnHmKUtUaS4LjDZnn76/SYidsZWefOOroWjDd8CUyUzs0bPw3rLaFZf5T5nLK9qaOyNa7J9k6l9QavUaOrStfYaUHCluJWPjxi7ojNypSVWecssyTOtI8+UrFE5lEEDcwBMclhAxniS0WnRrpvZWBB5Eho1jJ/B9c+l9Suj+n/AF7gWe3BwOePB/8AU8TM9srij38UX44yZ3dDrVurEKo1uzpKcjjtAQxeOYxMYoDMAfJgRJ0rCuVxwmAB2EmSZlFp/wBjn6qy3YUaYyb+TpxQjdo8j1To5tJYqeZrjy0Vkxbnjuo9KatuF/tO7Hls87Nga9HKs6PfgH0zg9jibLPE5nxZ+6MdnT3QnIlrImZPA0Zzp2B7S9kQ4MbVpWdsdv1kyyJFRxNs7XTejiy0FmHHM5svIpdHbh4tvs7aaFhYGwMfpiZKao1lidnd0h9OsACYy7Z0w6RvW04Ak0aWOXJ8yWMv8uTmABb8xUOwHZeeItR2Z3G4YWVQrFNpmcbeMmVskTrZms6M557HHaUs6IfHsyf5RYbNrYA8k+Jp5lVmX4zumdnQ9OpqprBVd1efvx5nLkyttnZixRjFL6NnphKyKhu/+xmd37NqFKrWE7uecE4jboVWYtT0w8lLMmaRzfZlPD9GBQ1bEGbXZkk0aVtwJFFpmusESmxjweOZIyFuIgAYjEYCLG4jRLMFrPgykZSsRwyuS35RyBKuiErRy+saXVUVNYlJNaruZ152/rNMOWEnTfZz8nBkim0ujzOm6lTpvUaz1C7HBAHBXv3/AF/4nXkxylSRxYMsMduXv/6NlnX9JexL1ngDaTxj4xMI8WcfTOuXOxS9odX9X204r0tYCdvuk/gp9yZX/ijXUF0bNP13Valm/iZbGQFHaZT40Im2Pl5Mj6OR17WF9ElbfczOWz/vOni46m2jk52W8aizyjHJnoo8VgER2S0ViOwogGIWKi8wHQQMQ0NRsESWWjqaDUtXYuD5mOSCaOrDkcWfU+i/Uems0qLqNpKDaC3JY+88PLx5Rl0j6CGeOWN3TJ9Qdd0i6Imlq2d12DaeR78RYcMpT7RU8scWN93Z8w11ostLD+09vGqVHgZpbOzFu5mpgH6zBcZ4ioezEXWH3lJGcmILSyCswEVu5gINSTAZ0tD0/U6rbsAAJC5bjvMMmWMPZ14ePPJ6PqHTLelVV06Ua8g1Vqrrt+xyPI+f+54zWR3Jx9nvpwVQjL0eh0ydPDJ6d9oJ/Q5kbv5K1l8UdqizTL/ObP7SlJGclkf+DV6QPO4AHsDKM/J8FbGU5HjzANkw92cH3iYqF3Uq654zIlGwhNxOfZpdzHzmZOJ1Ry0jkdW6bSKSTXz7xxbTKUlkR5WxHTKclfab9Psztroxf5cXY5rJU/Et5aM1ht+g6fpsWMS/2iS+S/gqPDj7Zr/8UqI3K5B9sSPypGi4eNm3QdHGjsJ/MMYmWTM5o3x4IwfQ99HazkjOB2yZePIkjPLjblZdemtB+2tiMdwJpujHRj6VcWYKHOOxEG1RSTs2LTcSB6bAn3kbIqmNTRWH87gHwBzE5r4Ci/wYDfddx+nMW49Q/R0yAbhu+Se8WzY9QWvqr/8Axoij4EXbGkkZbtXuGMZ+ZSQNi69RdvAatmU9iBG1EE5DDsc+3uMSfQwyy+mVXtJp3ZdqqG+ooqGBwBjEn5GhL2IoHge0Ksdib9SuwhRliPEcY9ilI5rIxycH9cToTRztMUVsBxtb+kq0KmdFLAO5gywjeo5ioLFHUZPHMKFZRux3OIUFi21CQoTaOdrNSMEA5mkUY5JHHa6yw2gO1ZVcrjyZq+qOaLcr7oza71R0oEODY/D/AOoiTjry9+jXNfgVPtnl9eliJWoTavPnOZ6ONptnj54tJKjCM+Zsc1MJbdphQ06GjXOnFfHyZDgn7LWVr0Kv1Nl77rGLH5lRio+iZzlPtmfBlGdExHYqJtisKJthYUTaY7CiwsVjoNV5hY6NVWVkM0ijp6fVPWBgnEwnFM6cc2hmpsJTcH4I4zIh7NJ+rOe5BIGeTN0c7H/g/wCFu4x7yPJ3Rp4v1sxWgIeDmapnPJUZ35MtGbBSsse8GwUbNV2iamtWLAhpEclujSWHVWZik0sy1H6dUU7m8eJEm36NIJLtm5+o3uBtYKo8ATJYoo3lnm/QdGusNy2PYSwg4KqQo5Xdtnvenddrauk2MCCvZccTy54Xbo9vHyItJs7VfU0Fuaidp7ZkKLrs13TfR6PR9VF6KpJ3SHaJeNPtHRR2Iwc4MaZjJL2NByeBGT/sPAI7RkN9glFznzE0hqToxa6hbVIIyJlNG+CdHn9R0+snC14+ZCk0dqSaFVaFsZBxg4wRE5DXRqOlXYASBJTpg3fQKrTWCCxY/Et9kronr1g8IP35hqKy/XrPJRYtR2YNR1MpYQDj4mscdoiWShZ6yyr+fB+I/GT5EAvWxk7mj8QvKhn+cg9n/vDxj8iBHU93mGgb2F+KL+eIqoq7HUqLDy0iUqLjGwr1VBwcSYybKcUjMt7qQFYymkSmzQtzeOT8yGaoYLGzgqBFYUNV6gMEL8wthqkRmofPCxW0FAk1gjaBxDsqhVmccMIJhQs5JyWGYxUc8WZnacdlFseYgA9YKO/EKCxFupz2lJEOQhmZhyYyHbM7JyScmUmQ0KZMg7eCY7Jr6MVlLE7CwCnuTG2vZMU7pvo8/q1O8jBP6zrg+jiyLujm2oVYg8mbp2cso0KNZJlbEalmlsdjDYHBgmsjxHsTqyCs+0LDUMVH2i2HqWKSfBi2HoQ0sPBhsGjK9FvaPYNGEunY+DFuhrGx6aVz4kuaLWJm6jpV9qkohbHfAmMs8V7OiHFnLtICyq3TsQRzKUlImUHBmWy1zxziaJIybYobu+DGRTN1mrBpVBkADEyUO7OiWS1Rzn58zZHMxZIlEFh9vmA7oN72dQCeBEopDc2xe6UTZDZiFCbJ6xxiFC2CS3HmDQKR0NFrWpsDA8TKcLRvjyOLPW6HqHqIv3cThnCj08WW0ep6NrALlDMR7GceZddHoYWn0z051b7wEOePEwTL8a+UNq17DhicS9iJYUzWut3DgylMyeAL1weYbC8YJvBEVh42ZLVD8jvM2jog69mZwyqeJmbKmYrHZjjOPiNdDMrsVJzNESzM1xEpIzbFNqTzzHQrMN7FyczRdGcuzn3MVON2ZouzKXRkexgZojN2RbjnvBoaZsp1BB78zKSNIs31ag57ZEykdETpV6v0gPt5mDVnQnSF6rXq/Yxwg0Kc0ZPxm3sRmaame9FHqFmMB8Q8aDyMD/NHHGT+sfiQvKx9fUWIwxOJDgaKf2aV1O8cGZtUap2U1pHmCBgetYO7cR9E9hC/jluYUBz/AFGUztOG2A9znxBIlyYreTHQrJmABIxPETKQRUERWDKXTva2FXvE5pexqDl6KfQjGbDg+R5kPPXouPGvtnE6hpLbXIop2JjHPebYsqX9mY5sDfUEcv8AyS4EtYMAe86PyY/Bx/hS9sHT9PDWHjOPaOeakGPjps1P0wtgKp/pM1nr2ay41+kWn03qbz9tZIg+ZGIvwJyNdH0dqGGWAUfMiXOXwXH+NfyXd9P10Jt2kt7xR5MpMcuJCKoCr6ets+4IdvuZT5SRMeE32PT6c+8BvMh8p10WuGk+zpj6Rp2AkkNMvy5mz4WMZX9J6dXBOdvtE+VOio8TGnZvX6X0DZ+wiYvk5EbfjYfo16Hpmk0relUSc/mzMsk5y7kbQjGCaiYetdD0lqscKjY/NNMPInF0ZZePDJG30fP9dpK6LiFYNjyJ7GLI5Ls8PNiUZUjBZN0c0jOxOZZk2KZjmUQwCYxAE4jETdARMwFYJPzGBAYEl7oAOqYgiJlxO30zWGtwpPE5ssbR24J0z23S7WayvfkofI9p5eaqZ7WC21Z7PTsEXA7eJw7HbOJLt2Swzj2lRkKgF1JTnM0RDRqTXKw78x0yeg/xG7gd4goahOOTFYpEbBiYIy20HOQJDRrGaMl9SsCSRkRJtGjSZw9TYEJwQcTpj2c06Rht1IxwZoomTkjI+p47y1EzczJZbulpUZt2XUAxAbtFKVFQjb7NqaIPlkWYPLXs6Y4L7SGDSFT+Xn39pPkNFho0gV0gZOT5mdtmtKIb6moqDnBESUrG5Row3Wb2OGGJtHo55U30IAy2N8vbojXscFAGD3kbGihQahaskjMltyKSUe2GWDjjA/4i9Fe0Mpf0+AeYpdji6La5iDhTEkNyYsNYRnOJXRHYao5GTn+kTkilFsbszOizCiiq47QsVGeyrPbiUmZyjYCVlc5g2JRoYFEVjop2VOIgZtpuC18HH6zmyJtnZiaSM1lu1sgbsn+kKse1PoY9quMlMyFFo0c0zl6qrfZtGQpnRjdI5Mvbo0aDp6Ukk85k5cjkXhxqJsYJXZsWrcfgTNRbV2aSmk6o6WjUsoVF2+5IkSX2UpM6DVD08duMSYrsUmc+3p62nkcToUqMJQsYmkCptGQJLfyNdKhlWiAsDEZ9oNgl2bWo3DIHMhOi2UKADyI7EE9RCHA5kjs5DVWU3GzawPMqTTQQi9rPNdW6raWZWzjkCdOHCvaOfkZ2ujyWpsNjMx8z0oKjx8jt2YnJmqMGZ3BzLTM2hTCVZAs8RiaBMaZJUYFZgKioxUXAC8QsKGJkGSykjp6LG9WZsAczDI+qR1YkrtnpND1R6tpGODkH2nFPCpHpY+Q4nt+l9ap1VSiw4fzkzzsmFwZ6WPOpo7T2p+HLqQRjvMS4ru2ed1OtKWEbsidkI9GGSdMGrX895TiQpnQp1+cc8zNxNFI6NPUVbCv/AFmbjRSpms3BU3AiRZWl+zNZqww4MdDVI52psLA4JBlpEts4eqBySe83iYSOVczDOZskYNmYsSZRHsDknAg2CTNelUjuMmYZHZ1YotHVptKjHmcslZ2RdIcWIHz8SSxTlcfd3lIl18mK1wMzWKMJNGKyzvtM1Ri39GZtQyNnJzNFGzFzaYa9SdeQefeJ4kUuQy26pYe5gsKG+Q2GnVWI2k5ETwjXIfo6Gn1auhOwjjuTOecGn7OrHNNejRVZWvLuM/EiV/BcaXsa2orHY8yVFluSQv1WPIcyqFbHbzOmjlsgOYBZYAMQgXCgQsGZLbD44lIzbF1kk5PMbEjSpJGMTJo0TYQrIiZSsYFYjAEikXsyvQJPaMl2PrRlI4x8xOmXFtG7TafnJWZyZaR1EUIMAYkUVYZxjEaJKCr78RgQICfiMQ1ViAYBATIQBEIU9qqOTiS2UotnI1mq9SzajcAc/MVfLNoddI811Tph1BDhjv8AInViza9HPn4/k7PP6ro19a7sD55nZj5MX0efl4c12YB06xj2PPab+ZHN+PJhN0XUkZ9M4iXJgN8Of0YdT022r8yETaGaLOfJx5R9oxNQwOMTVSRzuDAahx3BlbITgxTIR3EaZDVAkGOxUQITCwoMJCw1L2wsdF5xAA1tK9jJaKUqN+n1TAAEzOUDaE36OrpNc1ZBViP3mE4WdWPI0en6b1qzbsZ/sYcicOXCj0cGd+mL1FuXJByDKh6IyPsXXcQZbRCZtrtYYPMzdGys21avsM8zNo0UjanUGCbTyJm4dmqm6BbUZ5zHQrAa/PB7x0KzPcA4lJkNWc2/T98TRSMZQMRpw3PEty6IUVYddVRsAyZlKUqN4xhZtp043Fi4x8TGU+johj7uzWvoZzk5mT2Nf0Cd0/lMEmVsvgyalgq8cky4K2ZzdI5rsS33dp0I5XbYqwqRjOI1YpUc6488HM6InLMQScyzLsmTDodMbU+D2BkSRpCka11RwAo2/pMdPs6fJ1SDW+xzjkxNJApSZsRnCjJ5mTas3SddjlvVRhu8mm/Rakl7N+6bmBYcY5iAht9ohWLL57wCytoaKxVY1K1HgSWxqKNCIvHEhs0SGioNFZWqGLWBJsdDVrB7iKykjQlSn+URWVSNVa4EhjDJEaJYO+UIgMAGCADVOBzEAYfiIhoVbcqiJsqMWzi6u9zYWGcCOPo0aYlF3BWPfzE2aRVAuu5ycDEQzLfWrZBUHMuJEmha6WoYJQAYjcmJRj9Dq66yudoAktstJHP19FDnG0ACbY5SRzZoxfRw7NBTuyFE7FlkcEsMTBqNPSjdhNYykznnCKZydRUhY7ROqEnRx5Iq+jN6QHeabGeqBZAO0aZLQJBzHZNFFcCFhQJ4jJorMYDa3xJZSZsquIImckbRkdbR6gjE5skTrxyO5p29ZQByDOWTo7oLZHS0+gLL964PeYTzd9HTj4/XY91AQL5EiMndmkoqqEq2G5E1sxrvs31FHAGcCYttG6img3q2rlexgpg8fXQkDKn3l7GepQ3e2RHsiVFlGvI5ENh6GbUadQmSMRxmTLGkrZzDWwfKzZtV2YJO+g/xb1qVZePiZ+NN2a+VxVMuvWBh2ieOgjlsYNUo7GToWsiKOpQjnmGjH5EZrnVj9oMuKa9mc2n6MlmTk+ZojJ9mVg3M1TRk0wcHPIhYJNEdh2xEkNsEV7uZWxOlhopBH3EftJbRai/s6Nez0gEPPmczu+zsjWvQq21188TSKTMpyaE/iTL0MnNnqCCewmdm4O05isVFFDCxUVg+0LAIAjxJGOQMfEllIcuRJKRorkM0RoRcySkPVfiKxj0PEkYQYwEFk+YxMHEYiwIwGCIZe6ICmfaMxDo52p1BJwI9RqVGGx9zAQoNg+QnHeIqwQrgcgw6DtCmXc44jJAsBJMEMgbauDEUmZNaAVzjxNIPsjJFNHndRaVOJ3QVnl5JUzkah2dz5nTBJHHNtszGlnOMTTdIz8bYP4SwttC5h5EHhlYLaOwHG2NZUS8MifgXj8qDwMH8I/sY/IheJgHRsecR+REvCxZ0jAZxKWREvEwRp7P9JhuifGzRTpbW7KTIlkijWGKT9HoOlaIkgW4UfM4s+X6PS42D/qPTaHT6bTkZYk/pODJOcj08cMcDqm2ophczHVmzmjMyKxJB5lptEUmKanJ4Zf34lqRDiMrrVRzYP2icn9BGC+Wa6nr24NmZLv6LVfYTCrvu4iuRX6g5r9xDsX6gmysc5zjxHTFtEz32pYuP7S4poznJNHMtXBJE3RzNUY7ieZaRnKRjZyDxNNUZbMoWt5zE0hqTHhwV78zOuza1QO4k94xFlTjOMxWVqJYODjEpNE9glGI5ELCrFNSe+JSkS4FKpEG7EkMcbxwJK6NJUyAME4zmF9iVpEZmYc8mCpA22K2+4MuzPU9mFnO2dVF+nJsdBekYtg1IKveGw9QhVnsIth6jFpMlyGohisxbFajEQiS2OjQnAiGNERQYOImIYCDAYWOYWIICFhReIWIonEBglsQHQm2zjEQGNwGjsdAilO7E/tE5MpRQqzUqhCqMCNRv2JzrpBjU5HjMnQe41Ati5IBMl9FpWKtqWCkw1RlupBlqRLjZkvXK4xKTJfao5FvTi+ScAmdUc1HJLj32xQ6VWoLMe0bzyfRK4sV2zl6zbTdhB+86cdyXZx5moypCUtPqgy3HozU3Z1K6qnqDMAG+ZyuUk6R2xjFxtjW6YLACmAccgRLNXscuNfcRDdNsUElCR74miypmDwSXwWvTl9IM7Y3HAETy90i1x/1tsbX0ylObSvwokvNJ/wBS48aK7kMOj0oQ4XmTvOy/HjSElAi5CAL7gS7tmb6XoUNQVbiXpZl5KNNWsIOSZDgXHKzoU6wNjMylCjojkTNK2FxlWAA7zOq9mid9oCw8Z3j+spCl6uxaX1g4LZMvVmalFe2NGorB7mTqyt4oIaxfGcQ0YeVA2anI47SlAiWQR+JOeTL1M9yjeT5hqJzFvbu7nmNITlZnc8y0RZnswfEpIltMQM8xtCiybXxxJtGlSCXPvExpUGHOJNFKTDDccxNFJhjBEkaaKKAwsdC2rAjsTSAK47RpktFbscR0GwJMKFZAeIws9lxOezqoMYEkETMQywYhhAxMAgx94hhqYhjFMBjFMQxgiAMHEQUEGiGMDQAvdGIm+MQBaAUAzxDMztmMBW7mIdgu/iIdmK3737cCWnQmrKPAELsKNNGoCrIlGy4yob6quJFUaWmAwUH9YBSM1lYOZaZDRhu37sDtNY0YybsVZuWsjHMpU2S20jh6rSmywk8EzrhkpHBkxbO2KTSKCD3+ZbmyFiSOgEQ1gEdph3Z1frVHR0wRaxtnPO2+zqg0l0aWKbCW5kKy21XZx+oXqzKK+AvtOvDFr2cHIyJtKJkGpOOTNtDn8jL/ABHzFqPyFtqF9FgSST2i0dleRa0znPZ92ZukcspEF+I9Q2HV6oqe8lwsayUa69YccGQ8ZqsoZ1BI7xaj3F+sQe8rUhyGLqMjvE4jUwvXI8w1HsWNR8xaj3IbQfMdBsV6xHmPUnYhsB8xUOwTZ7x0KxZG7tHdBVg+m2eYnJDUWHsIHGZnZskwTXjkx2GpSsPaDsSaDyAJJTCBiYBqYikyjzAGAVjJYtlxzKsliiJRJBmAHspyHaWDCxkzJGWG5gAYYRMAt0QwgYAGrRDGq8TKGK8QBhohlhoAGGiAm+MRN8AKLQGJd4AJZsxiBziIaE2W7QSIVY7oR6sNR7infLd5SRLZA+BChWWtnsYNDsNbM4k0PYIsSeYUPYVYg3bhiNMT9kZFxk4itjpfJydUtbOVDYJ8zpg2lZy5NW6M6aSzb4/rNHkRisMjVVpgKwbJlLJ30bQxdXIZUi4IR+PmTJv5LjFfDGvgVFRyZKfdltKqOFqV2kgGd0GeZlVMwbyDNjnshs+YUFlG3IxmFBsZrLOTLSM2xPqYPxLoiwhbCg2H13EeZLRSkPW75k0WpB+rmKh2V6pBjoVhrfnvFRWxfq/MKCy1u+YUGwYcGKh2TfzALL35gOw62I7DMiRpBtGpRuExbo6Yq0UwwT7wBgMM8ERol2JfbW2DKXZEqiCDnseIUKxgMllq2Ep+YmUgsgeYhkzmAiFPfA/WFhqxZQfEpMnUHYfYx7C1Z6vdOU7CboAVugBMwAMZiGGDEAQaIYYMQxgMQwwYhjAYhhBogL3QAINGBMxALd8CAGd3lCsV6kKFYD2YEKCzLZaScSkhNiyTGKygTmAJhE4gMte0TGEO8QBfvAC+DjnmSy0rMWqvOSBNYRMsk2cbUWN6uczrilRwTbstNSQByeJLgWsho1Oo3Iuw8EZkQhT7NMuS10ZqtSyPmaSgmjGGRpmizVkjvjPeRHGbSzWYb2ySZtE5ps51xIabo5pCixlEAF8GAgHbPMpCYkmWiCg0BDFeIaY5LZLRaY4WZioqwt0QA78GMQwPkRDssNAYascxMpDBknEmyqGrUSMk4ElzLWP5GVkKcGQ+zSPRp9ZQnHcTPXs23VdCDYWOfMuqM9rZZtKD3J8xVY9mjMTliTyZZk+3ZFYhu0GkCbsfnIzM2bp2CSByYCILV8AZhTDZE9c9s4j1QvIyvVMeotiepmFC2LFkVD2PWFcTjs76KxCwogX4hYUEFHtFYUGIWFBAcxWOggD7RWh6sNV9zFsVqGAM94rDVBjHvFbHSCGCPMTY6CAEVj1LyIyaJuEOwpAkj3hYUJsYxpioSxzKELJhYqE2GUhMRnnMZJWYAWpwYFIs8xAEDACx3gMLMQWD6m0wasalRktIsc5lrozk1I52rpzgjxN8cjnywv0ZRQ3iabox0YXpPgAxbIejDqo5w3eKU/ouGP7LOnye8W4eIltQFYHf5hGXY5QVUc/UVcZCzaMjnyQMJRs4xNrOfVi7FZTzGnZEotCiTLJFtGmTQMdklgwsYYaA0NVziSykMV4hhd4AEo54ibGkORZLZoojlWQ2WojlrJPMhs0UTStf24mbkbKPQD0v4lKSIeNixWwODKtE6v5Gou0d5LZcVQRxEh9AEL7CPsXQJKgx9itC3swY1ElyEvaSZSiQ5it+JVE7F+rFqGxPUhQbFizPmFDsMPFQ7Pblp5p7AGTngQF/ovfjvARYsGPEKHZBYB4EKFdF+uB4i1DcE3EmPUTlYQt+YUFhiw+8KHYQsIioLGLb5zJaKTGeqJNFWV6ojoVlG4e8dBYD3cd4UKxXrEeYUgsH1j5hQWUX3AwH7EPyJSZLQqUQCTATLB4gMmcwoVhgwGEpkjIYAKc8xoRmY/cZZDM93IlxM2AojYgtsQ6BxhoxUEREVQBXIxHZNCLEGCMS02S0jBYg3TVMwaAesMO0adEyjZnage00UzNwQlqJSmZuApqCDGpkvGUKeI9h6BCmLYNBgqi2HoGKj4hsPQYtfvFsNQHJWBJci1EcFkWaUNQDMTZSQ8HmQWhgaTRewYYGKilIFhmNMl9isbTLIqgWb2jRLYstGTYBOYyWLYykS2KMogBoxAmMCskQAIGIYQJxEM9ibifM87U9ZyJ6pHmGotivW+Y9RORPV+YULYo3fMdCsr1cwoLCFnzCh2GLIqHYwWxUOy/V+YqDYL1fmKh7F+sfeFD2Ibj7woNgTd8woVijdz3joWwJv+YahsD6/vDUe4X4jjiToUpgG4lu8eot+w8g8yS6K4zAVBAjGIh9AEYPEpMhoIQYxilcSS1RTEeIIQl25lIlmdvzSzNibJSIYsHkRkh5iKBJjAmciAFZgAp+8pEMy2rzNEzOSFbRiOyaFsspMhoWUjsVAMkaZLQsriOxUUI7EEO8QxoiYwgIrHQ0cxFIMRFBr3iGMB5iKQwERFBgiJspUFkRDFPzKRDENwZaZm0ASDGSATKJYMdioEqIWLUErKsVAFYWTQJWMdEAiBIIHiIo9N6k5NTusr1Iai2K9QR0FlG2FE7FerCg2CFghQWELIqHYYsxFQ7C9X5iodk9WFBZfqwoNietCh2T1fmKg2Aa75joWws3R6i2ANuY9RbE9TEVApFG2FD2IthzE0CkOFpx3k0aqTDWwSWilIsWxahsMWwGJopOwt4i7GQWCFCss2CFMdoUzjPiNIVoQ9gBwJaRm5IRY/EpIhyFCyVRKkHvEVFWitwPmArKyRGBRaAgW5gJiX5EtENCDwZRAJ5jAAiMloAjMYhZGIyWgCIySxAAgYhoaDEUEDAYatEykMB4iHZeYDsMP7xDsIOBFQ7L9QQoNiFwRCgsU5EpEMSxxLM2AWzHQrKLYjEVuEVDsm4QCwSYxAmUJldoCKEAs7pecx2WTdARReMVg+pChWWHgMIPEAatEUg93EQ2ULI6FZDbChWT1IUOyepCgso2QoVizZHQWDvgIrfALL9TEVFJoE2QoWxa2cwaBSGeqZOpewQti1HsWLPmKh2MFmBFQ9i/U47xUPYnqwoNiG2FBsLaz5lUS5CWs5lJEOQp34lJEtivUjonYMWRUPYm+FDssWYMWo1ILeCIqZVpllgBEMUWBMoh9iXlIlgcmMkpoxAYjsQJEdiaFkRk0Dn4gIIGAwgYDCzAAgYqGGGioovdEFlhoBZYaA7JvjoVlbzCgshbMdCbAY8RksW0pEMDdHQrJugOyboCJugOyiYxMEmAiAxgdrM5TsK3RgCWzGSUD8wAsGIAgSIDDD4iHZN8KCyt0BFboAXugBW8+8BWA1n7x0KwTZHQtgTZ8x0GxXqZ8womyjYYUOyt/wAwoLDV4mNMLfJKsPd8wodkDmKh2GLPmKh2F6nzCg2J6nzFQbFGz5joNhbWR0JsU1nMqiGwGfIjSJbFbuY6JsIPFRVl74UFlb+YUFhiyJopSC3yaKsEnzGADHiAmxe4iVRNlFoUFlboUKyi2YUDYtpSJYJMYrKzALL3QCwg8AsIPALL3iA7LDRDsvdALL3QoLJugFk3QFZN0YWCW4gKyiciNCFmUmSwcyhEzACswCyZgFl5gBIAdctOY7ASfmOhFfvARWc+YxBCIYWeIgJmAyboATdChWUXxChWD6kdBYLWZ8x0S2AWjFYJf5jJsEtnzALJugFlbvmAWQE57wAYGiZSCDcyaHYW+Kh2QPChphb4h2X6kYrK3/MKCyF4BYBeAhZaUSAW47xoQvdzGSEGiGmQkDzAZC0KFZA0KGmGLOZNFWWW4iodgFoxWLLcxk2TdCgKLR0FlFoCsAtGJsDdAVglo6CyboUKy98KCyw8KCwt/wAwodlhoqHYWYAXugMm+AWTdmAWVujoVlb4CshbMYWVmMQJMYmBmMkm6AEzAC8wAIN8wGdQtMKOuwCYySZiArdAAg8B2X6kQWT1ICso2ZjoLK3woVlb/cx0KwS4hQrAL/MdCsEvGKwS8KFZW6FBZe6FBZW+FBYStENB74irCDQoZe4RUFkDQGXuiCybowsm+FBZW6FBYJaArALc8xiYLNxGKxZbmMkgaAWXviAm6Ayw8AsLdFQ7Jviodg7o6FYt2jE2DvMKFZC0KCwd3zHQrJmAWCTGKwSwgIrfHQib4DL3xATfALCDD3gFhBoh2Fv+YUVZW+FCsm+OgsvdmAWVujFZW6AWTdALKLcRisHOTGIomAibowIGgFhAgiA7OmWmB02VuMBWTMAsmfmAWTdALK3QCyb4BZW+MVgl4CsHfHRNgl46CwS8KFYJeMRW6AE3wAm+AWTfALCDRNDQW+SOwg8B2XvgOy98QWTeIDsm8QFZN4gFlbxALKLxhYsvzAmwS8dCsAtzKEQPFQF7oUFk3QCyboqCyw8CrLDxBYLNAGwS0dE2Bvx2jFZW/wCIUFk3woVlb46AotCgBLRiB3QAm8wCybzALL3wCy9wgOwt8VAWHMQWXvgMm6AE3mMLL3RisEvACboxEzACZgBCYADmMRA0ADDDEAOkT5mJ1WDvgIm6AEyYCsrdALJugIEvACt5jFYJaMVgljGIAuYCBLmMVlFjHQFbjACtxgBNxgIsNEMYGMQy90Bl7oqGTcYgL3mIdk3wCyB4BZN8YrKLGAWDuMBAljmMTK3GMLFl8GOhE3mArL3RDJuhQWXuMAsm8xDsvdzALJu4zAASxIgIWzYMoRW8wCyixiAmTGBMmAiswAEvGAO8iAibzACw5gMLf8QAmYgL3GAFhjAdk3nMAL3mAE3GFATdGIrfALLLmAWQNAC9xgBM5jETPEaADeYxH//Z');
INSERT INTO `articles` VALUES (30, 'MySQL建表过程的坑', '## MySQL建表过程经验小结\n\n### date，datetime类型需要指定长度吗\n\n不需要，直接默认就好了\n\ndate精确到日期，datetime精确到秒\n\n\n\n### 1215- cannot add foreign key constraint分析\n\n  外键的使用需要满足下列的条件：\n\n    1. 两张表必须都是InnoDB表，并且它们没有临时表。\n    2. 建立外键关系的对应列必须具有相似的InnoDB内部数据类型。\n    3. 建立外键关系的对应列必须建立了索引。\n    4. 假如显式的给出了CONSTRAINT symbol，那symbol在数据库中必须是唯一的。假如没有显式的给出，InnoDB会自动的创建。\n\n参考:\n\n1）要关联的字段类型或长度不一致。\n\n2）两个要关联的表编码不一样。 ----> 字符集还有排序规则检查下\n\n3）某个表已经有记录了。\n\n4）将“删除时”和“更新时”都设置相同，如都设置成CASCADE。\n\n\n\n\n\n### 1022 - Can\'t write; duplicate key in table \'license\'\n\n这类错误，主要是外键名称重复导致，改为不同名字就可以了\n\n我在lincense里面引用 用户id 起名：“customerid” 结果在下一个表里面又起了同样的外键名字。\n\n#### 数据库 外键命名规范\n\n------\n\n外键字段：与主表主键字段完全一样\n**主键：pk_+表名**\n例如：`pk_main`\n**外键：fk_+从表名+_+主表名**\n例如：`fk_sub_main`\n\n### 触发器语法\n\n\n~~~mysql\nCREATE TRIGGER `add_emp_check_deptno` BEFORE INSERT ON `emp_2019152042` \nFOR EACH ROW BEGIN \nIF NEW.DEPTNO NOT IN (SELECT DEPTNO FROM `dept_2019152042`)\nTHEN INSERT INTO `dept_2019152042`(`DEPTNO`, `DNAME`, `LOC`) VALUES (NEW.DEPTNO,\"TEMP_NAME\",\"TEMP_LOC\");\nENDIF;\nEND$\n~~~\n\n\n\n\n', '1', '2022-01-06 19:24:56', '2022-01-06 19:24:56', 6, b'01', 'mysql,数据库', 1030, NULL);
INSERT INTO `articles` VALUES (41, '重构项目第一天', '## 重构打卡\n\n> 2022.2.14 ： 重构项目的第一日，设一些月底前的目标。\n\n\n- 一直：重整代码架构，完善逻辑。\n\n- 返校前完成：修改页面背景。\n\n- 月底前：增加问题分类。\n\n希望能做下去吧~\n\n', 'YY', '2022-02-14 17:57:48', '2022-02-14 17:57:48', 4, b'01', '自我监督', 1277, '');
INSERT INTO `articles` VALUES (43, '梦想的本质', '这是第一篇来自mavon-editor编辑组件的文章。————2.16留\n\n![472309f7905298228e3b4df5d6ca7bcb0a46d4f8.gif](http://cdn.yywebsite.cn/commnunity/file1645011193661)\n\n### 介绍并测试跨站脚本攻击XSS\n\n明明是CSS，结果因为取名字没别人早，所以只能取名XSS。\n\n全称：`Cross Site Scripting`。\n\n<img src=\"https://gimg2.baidu.com/image_search/src=http%3A%2F%2Fpic1.zhimg.com%2Fv2-a077e67352924fa208f56d46ac0bd77a_1440w.jpg%3Fsource%3D172ae18b&amp;refer=http%3A%2F%2Fpic1.zhimg.com&amp;app=2002&amp;size=f9999,10000&amp;q=a80&amp;n=0&amp;g=0n&amp;fmt=jpeg?sec=1647603700&amp;t=53574a741a2dc82b2ee3da3c6cbe5bb3\">\n', 'YY', '2022-02-16 19:43:47', '2022-02-16 19:43:47', 2, b'00', '梦想的本质', 1274, NULL);
INSERT INTO `articles` VALUES (54, 'ISO模型有几层', '计算机网络中的ISO指国际标准化组织ISO(International Standards Organization)在80年代提出的开放系统互联参考模型OSI(Open System Interconnection)，这个模型将计算机网络通信协议分为几层呢？', 'YY', '2022-02-18 16:58:07', '2022-02-18 16:58:07', 2, b'10', '计算机网络', 1281, NULL);
INSERT INTO `articles` VALUES (55, '计算机网络体系结构', '> 主要有三种，四层，五层和七层。\r\n\r\n![网络模型](https://cs-notes-1256109796.cos.ap-guangzhou.myqcloud.com/0fa6c237-a909-4e2a-a771-2c5485cd8ce0.png)\r\n\r\n\r\n## 1. 五层协议\r\n**应用层** \r\n\r\n为特定应用程序提供数据传输服务，例如 HTTP、DNS 等/协议。数据单位为报文。\r\n\r\n**传输层** \r\n\r\n1. 为进程提供通用数据传输服务。由于应用层协议很多，定义通用的传输层协议就可以支持不断增多的应用层协议。\r\n2. 运输层包括两种协议：\r\n	- 传输控制协议 TCP，提供面向连接、可靠的数据传输服务，数据单位为报文段；\r\n	- 用户数据报协议 UDP，提供无连接、尽最大努力的数据传输服务，数据单位为用户数据报。\r\nTCP 主要提供完整性服务，UDP 主要提供及时性服务。\r\n\r\n**网络层** \r\n\r\n为主机提供数据传输服务。而传输层协议是为主机中的进程提供数据传输服务。网络层把传输层传递下来的报文段或者用户数据报封装成分组。\r\n\r\n**数据链路层** \r\n\r\n网络层针对的还是主机之间的数据传输服务，而主机之间可以有很多链路，链路层协议就是为同一链路的主机提供数据传输服务。数据链路层把网络层传下来的分组封装成帧。\r\n\r\n**物理层** \r\n\r\n考虑的是怎样在传输媒体上传输数据比特流，而不是指具体的传输媒体。物理层的作用是尽可能屏蔽传输媒体和通信手段的差异，使数据链路层感觉不到这些差异。\r\n\r\n<br>\r\n\r\n## 2. OSI\r\n其中表示层和会话层用途如下：\r\n\r\n**表示层** \r\n\r\n数据压缩、加密以及数据描述，这使得应用程序不必关心在各台主机中数据内部格式不同的问题。\r\n\r\n**会话层** \r\n\r\n建立及管理会话。五层协议没有表示层和会话层，而是将这些功能留给应用程序开发者处理。\r\n\r\n<br>\r\n\r\n## 3. TCP/IP\r\n它只有四层，相当于五层协议中数据链路层和物理层合并为网络接口层。\r\n\r\nTCP/IP 体系结构不严格遵循 OSI 分层概念，应用层可能会直接使用 IP 层或者网络接口层。\r\n\r\n', 'YY', '2022-02-21 00:06:25', '2022-02-21 00:06:25', 670, b'01', '计算机网络,记忆小窍门', 1354, 'http://cdn.yywebsite.cn/commnunity/file1645373177299');
INSERT INTO `articles` VALUES (56, '后端 待解决问题 ', '2022.2.25的初步思考：\n\n1. 安全方面：\n	1. 生成token，随用户登录返回。\n	2. 在服务器端的请求中设置拦截器，验证token。\n2. 关注模块：\n	1. 设置数据库的follow关系。根据follow关系中的`List`来查找每个用户的动态（文章发布情况）。\n3. 标签模块：\n	1. 整个问答社区的灵魂之一。否则不能给内容分区（计算机网络，校招资讯等等）。需额外设置一个统一的tags数据表（原本存在用户的）\n	2. 根据标签/标题的搜索接口。\n4. 个人主页：\n	1. 根据用户ID查找的内容需做一定的优化，删减。\n	2. 登录验证，修改密码等身份验证的返回内容待优化。\n', 'test', '2022-02-25 19:45:55', '2022-02-25 19:45:55', 0, b'00', '', 706, NULL);
INSERT INTO `articles` VALUES (57, '如何理解TCP传输中的SYN，ACK，SEQ，AN的意思？', '在TCP三次握手中，好多图集都出现了在它们握手过程中的这几个缩写单词（信号）。那么传输连接中的这几个SYN、ACK、SEQ、AN分别是什么意思？怎么理解比较好？\n\n暂时知道：\n\n1. 它们不是某三个单词，是某种单词的前三个字母缩写。\n2. SYN，ACK是标志位。\n	1. SYN：synchronous？synchronization?。意为**同步**，理解为发送一个同步的信号，用来建立联机。\n	2. ACK：acknowledgement。意为**确认**。理解为回应别人发送给自己的同步信号。\n\n但是它们的实际值是怎么表示的呢？\n\n', 'YY', '2022-02-27 11:29:37', '2022-02-27 11:29:37', 1, b'00', '计算机网络', 683, 'http://cdn.yywebsite.cn/commnunity/file1645932296539');
INSERT INTO `articles` VALUES (58, 'OSI 模型和 TCP/IP 模型异同比较', '#### 相同点\n\n① OSI 参考模型与 TCP/IP 参考模型都采用了**层次结构**。\n\n② 都能够提供**面向连接**和**无连接**两种通信服务机制。\n\n#### 不同点\n\n① OSI 采用的**七层**模型； TCP/IP 是**四层**结构。\n\n② TCP/IP 参考模型没有对网络接口层进行细分，只是一些概念性的描述； OSI 参考模型对服务和协议做了明确的区分。\n\n③ OSI 先有模型，后有协议规范，适合于描述各种网络；TCP/IP 是先有协议集然后建立模型，不适用于非 TCP/IP 网络。\n\n④ TCP/IP 一开始就提出面向连接和无连接服务，而 OSI 一开始只强调面向连接服务，直到很晚才开始制定无连接的服务标准。\n\n⑤ OSI 参考模型虽然被看好，但将网络划分为七层，实现起来较困难；相反，TCP/IP 参考模型虽然有许多不尽人意的地方，但作为一种简化的分层结构还是比较成功的。\n', 'YY', '2022-02-28 16:52:34', '2022-02-28 16:52:34', 0, b'01', '', 582, NULL);
INSERT INTO `articles` VALUES (59, 'HTTP方法了解哪些？', '<div class=\"e1xy1row0 css-gwrib1-StyledRenderedMarkdown\"><p>HTTP/1.0 定义了三种请求方法：GET, POST 和 HEAD 方法。</p>\n<p>HTTP/1.1 增加了六种请求方法：OPTIONS, PUT, PATCH, DELETE, TRACE 和 CONNECT 方法。</p>\n<table>\n<thead>\n<tr>\n<th>方法</th>\n<th>描述</th>\n</tr>\n</thead>\n<tbody>\n<tr>\n<td>GET</td>\n<td>请求指定的页面信息，并返回具体内容，通常只用于读取数据。</td>\n</tr>\n<tr>\n<td>HEAD</td>\n<td>类似于 GET 请求，只不过返回的响应中没有具体的内容，用于获取报头。</td>\n</tr>\n<tr>\n<td>POST</td>\n<td>向指定资源提交数据进行处理请求（例如提交表单或者上传文件）。数据被包含在请求体中。POST 请求可能会导致新的资源的建立或已有资源的更改。</td>\n</tr>\n<tr>\n<td>PUT</td>\n<td>替换指定的资源，没有的话就新增。</td>\n</tr>\n<tr>\n<td>DELETE</td>\n<td>请求服务器删除 URL 标识的资源数据。</td>\n</tr>\n<tr>\n<td>CONNECT</td>\n<td>将服务器作为代理，让服务器代替用户进行访问。</td>\n</tr>\n<tr>\n<td>OPTIONS</td>\n<td>向服务器发送该方法，会返回对指定资源所支持的 HTTP 请求方法。</td>\n</tr>\n<tr>\n<td>TRACE</td>\n<td>回显服务器收到的请求数据，即服务器返回自己收到的数据，主要用于测试和诊断。</td>\n</tr>\n<tr>\n<td>PATCH</td>\n<td>是对 PUT 方法的补充，用来对已知资源进行局部更新。</td>\n</tr>\n</tbody>\n</table>\n</div>\n\n上述给了HTTP/1.1的，后面的版本还有更新吗？', 'YY', '2022-02-28 17:00:50', '2022-02-28 17:00:50', 0, b'00', '', 593, NULL);
INSERT INTO `articles` VALUES (60, 'HTTPS 和 HTTP 的区别', '面试高频指数：★★★★☆\n\n### 1. 加密\nHTTP 协议以明文方式发送内容，数据都是未加密的，安全性较差。HTTPS 数据传输过程是加密的，安全性较好。\n\n### 2.端口\nHTTP 和 HTTPS 使用的是完全不同的连接方式，用的端口也不一样，前者是 80 端口，后者是 443 端口。\n\n### 3.CA\nHTTPS 协议需要到数字认证机构（Certificate Authority, CA）申请证书，一般需要一定的费用。\n\n### 4.速度\nHTTP 页面响应比 HTTPS 快，主要因为 HTTP 使用 3 次握手建立连接，客户端和服务器需要握手 3 次，而 HTTPS 除了 TCP 的 3 次握手，还需要经历一个 SSL 协商过程。\n', 'YY', '2022-03-01 09:45:46', '2022-03-01 09:45:46', 0, b'01', '计算机网络,HTTP', 572, NULL);
INSERT INTO `articles` VALUES (61, 'HTTPS的加密方式', 'HTTPS 采用对称加密和非对称加密相结合的方式，首先使用 SSL/TLS 协议进行加密传输，为了弥补非对称加密的缺点，HTTPS 采用证书来进一步加强非对称加密的安全性，通过非对称加密，客户端和服务端协商好之后进行通信传输的对称密钥，后续的所有信息都通过该对称秘钥进行加密解密，完成整个 HTTPS 的流程。\r\n\r\n下面的视频讲述了为什么非对称加密后两方会得到一样的对称密钥。\r\n\r\n<iframe style=\"display:block;width:80%;height:600px;margin:10px auto;\" data-testid=\"ne-thirdparty-reader-iframe\" sandbox=\"allow-forms allow-orientation-lock allow-presentation allow-same-origin allow-scripts allow-popups allow-downloads\" src=\"https://player.bilibili.com/player.html?bvid=BV1KY411x7Jp\" frameborder=\"0\" allowfullscreen=\"\"></iframe>', 'YY', '2022-03-01 10:23:46', '2022-03-01 10:23:46', 6, b'01', '计算机网络,HTTPS', 598, 'http://cdn.yywebsite.cn/commnunity/file1646101416195');
INSERT INTO `articles` VALUES (63, '应用层协议有哪些？', '下面哪些是应用层上的协议呢？（多选噢）', 'YY', '2022-03-03 21:44:24', '2022-03-03 21:44:24', 0, b'10', '', 333, NULL);
INSERT INTO `articles` VALUES (64, '3.7 第三周计算机网络', '##### 计算机网络定义\n> 将地理上分散的、具有独立工作能力的多台计算机通过通信设备和通信线路连接起来，在配有相应的网络通信软件条件下，实现数据通信和资源共享的系统。\n\n##### 计算机网络主要功能\n\n1. 建立**数据通信**\n2. 实现**资源共享**\n3. 增加可靠性\n4. 提高系统处理能力\n\n##### 网络拓扑的分类\n\n（注意稳定性比较）\n\n1. 星形拓扑\n2. 环形拓扑\n3. 总线拓扑\n4. 树形拓扑\n5. 网状拓扑\n\n##### 网络交换技术\n\n（选择题：理解基本含义，特点，对比）\n\n- 电话交换（打电话）:建立链路+数据传输+拆除链路\n- 报文交换（打电报）：对完整报文进行存储转发\n- 分组交换（互联网）：分批转发小报文（数据报）\n\n#### 网络协议\n\n> 统一的信息交换规则，规定信息格式，规定如何发送和接收信息。\n\n##### 三要素\n\n- 语法：类比汉语的“主谓宾”\n- 语义：如何理解\n- 时序：不乱序。先说话的先传\n\n##### 协议分层\n\n- 将网络系统功能分解为功能层，用协议规定功能(要做什么）\n- 对等功能层之间采用**协议**进行约束(协议数据单元、协议格式)\n- 相邻功能层之间采用**接口**进行交互(接口标准、使用服务)\n  - 高层（N+1）使用下层（N）接口\n  - 下层（N） 向上层（N+1）提供服务\n\n#### 两大协议模型\n\n- ISO-OSI参考模型\n\n- TPC/IP参考模型\n\n根据协议划分不同的层级：\n\n- 网络应用协议: FTP、HTTP、SMTP、TELNET等\n- 应用支撑协议: DNS、DHCP、SNMP等\n- 2个重要协议: TCP、UDP\n- 4个重要协议: IP、 ARP、RARP、ICMP\n- 物理网接口协议: Ethernet、 ISDN. X.25等\n\n##### 实验部分：五个重要的网络常用命令\n\n- ping \n\n- ipconfig\n\n- tracert\n\n- arp\n\n- ftp\n\n', 'YY', '2022-03-07 11:34:12', '2022-03-07 11:34:12', 2, b'01', '计算机网络,课堂笔记', 213, NULL);
INSERT INTO `articles` VALUES (65, 'POJO', 'POJO(`Plain Old Java Object`)是一个普通的Java对象，它不受任何特殊限制（除了Java语言规范的强制约束外），例如它不能继承其他类，也不能实现接口，也不包含注解。POJO用来增加程序的可读性和可重用性，通常用来定义Entity实体。\n', 'userId', '2022-03-12 10:09:01', '2022-03-12 10:09:01', 3, b'01', '', 121, NULL);
INSERT INTO `articles` VALUES (66, '3.9 并行计算课堂笔记', '### 并行计算机结构模型\n\n#### 单指令多数据流（SIMD）\n\n> SIMD：Single-Instruction Multiple-Data\n\n计算向量的时候：一条指令（一个译码器），多个运算（多个运算器）。\n\n#### 并行向量处理机（PVP）\n\n>  Parallel Vector Processor\n\n- 少量高性能向量处理器VP：每一个VP都是一个SIMD。\n- 共享存储\n\n\n\n#### 对称多处理机(SMP)\n\n> SMP：Symmetric Multiprocessor\n\n- 结构对称性\n- 共享存储：处理器通过读/写共享变量通信\n- 单地址空间\n- 高速缓存及其一致性（用Cache一致性）\n\n缺点：CPU数量不能太多，难于扩展\n\n#### 大规模并行处理机（MPP）\n\n> MPP：一般指超大型计算机系统\n\n- 大量的商用处理器，可扩放性好\n- 物理上分布的分布式存储器 （多地址空间，每个主板都又相同的地址）\n- 高带宽低延迟的定制互连网络\n- 消息传递方式通信\n\n#### 分布共享存储处理机（DSM）\n\n> DSM：Distributed Shared Memory \n\n- 由各个局存构成全局地址空间\n- 定制互连网络\n- 基于目录DIR的高速缓存一致性\n- 系统软/硬件提供单一地址编程空间\n\n优越性：编程较容易。\n\n#### 工作站机群(COW)\n\n- 每个节点都是一台完整的PC机或工作站(无头工作站)\n- 低成本标准商用互连网络\n- 分布存储，松散耦合结构\n- 易搭建，投资风险小\n\n### 并行计算访存模型\n\n##### 1. 均匀存储访问（UMA）\n\n- 物理存储器被所有处理器均匀共享\n- 所有处理器访问任何存储字取相同的时间\n- 每台处理器可带私有高速缓存\n- 外围设备也可以一定形式共享\n\n##### 2. 非均匀存储访问(NUMA)\n\n- 共享存储器在物理上分布在所有处理器中，所有本地存储器的集合组成了全局地址空间\n- 处理器访问存储器的时间是不一样的\n  - 访问本地存储器或群内共享存储器较快\n  - 访问外地存储器或全局共享存储器较慢.\n\n- 每台处理器可带私有高速缓存，外设也可以某种形式共享\n\n##### 3. 全高速缓存存储访问（COMA）\n\n（此处摸鱼了。。。）\n\n##### 4. 高速缓存一致性非均匀存储访问（CC-NUMA）\n\n##### 5. 非远程存储访问（NORMA）\n\n### 并行计算机存储组织\n\n##### 1. 层次存储技术（单机）\n\nCPU的寄存器——高速缓存——主存储器——磁盘。。。\n\n##### 2. 高速缓存一致性\n\n- 各个处理器的高速缓存中的数据副本保持一致\n- 高速缓存写策略\n  - 写直达：每次写Cache都更新内存中的X，不用CPU\n  - 写回：Cache失效的时候才更细内存中的X\n- 高速缓存不一致性的原因\n  - 共存可写数据\n  - 进程迁移\n  - 绕过高速缓存的I/O操作\n\n![image.png](https://p9-juejin.byteimg.com/tos-cn-i-k3u1fbpfcp/0f5a2281239641d7b1fe64df72e27bb8~tplv-k3u1fbpfcp-watermark.image?)\n\n##### 3. 监听总线协议\n\n- 适用于基于总线连接的多处理机系统\n- 由总线监听高速缓存中数据的一致性状态是否被破坏\n- 写无效：某个地方的X数据更新后，其他地方的X数据都无效了。\n- 写更新：X更新为X‘后，将X‘传给所有的其他地方，更新别人的X。\n\n##### 4. 基于目录的协议\n\n- 适用于多级互连网络连接的多处理机系统\n- 使用一个目录来记录共享数据的所有高速缓存行的位置和状态\n\n### 并行计算的类型\n\n- 计算密集型:如大型科学工程计算与数值模拟等\n- 数据密集型:如数字图书馆、数据仓库、数据挖掘和计算可视化等\n- 网络密集型:如协同计算和远程诊断等\n\n', 'YY', '2022-03-12 11:32:27', '2022-03-12 11:32:27', 3, b'01', '并行计算,存储结构模型', 119, NULL);

-- ----------------------------
-- Table structure for choices
-- ----------------------------
DROP TABLE IF EXISTS `choices`;
CREATE TABLE `choices`  (
  `choice_id` int(11) NOT NULL AUTO_INCREMENT COMMENT 'id',
  `article_id` int(11) NOT NULL COMMENT '文章id',
  `content` varchar(255) CHARACTER SET utf8mb4 COLLATE utf8mb4_unicode_520_ci NOT NULL COMMENT '选项内容',
  `is_correct` int(1) NOT NULL COMMENT '正确性',
  PRIMARY KEY (`choice_id`) USING BTREE,
  INDEX `fk_choice_article`(`article_id`) USING BTREE,
  CONSTRAINT `fk_choice_article` FOREIGN KEY (`article_id`) REFERENCES `articles` (`article_id`) ON DELETE CASCADE ON UPDATE CASCADE
) ENGINE = InnoDB AUTO_INCREMENT = 19 CHARACTER SET = utf8mb4 COLLATE = utf8mb4_unicode_520_ci ROW_FORMAT = Dynamic;

-- ----------------------------
-- Records of choices
-- ----------------------------
INSERT INTO `choices` VALUES (5, 54, '四层', 0);
INSERT INTO `choices` VALUES (6, 54, '五层', 0);
INSERT INTO `choices` VALUES (7, 54, '六层', 0);
INSERT INTO `choices` VALUES (8, 54, '七层', 1);
INSERT INTO `choices` VALUES (13, 63, 'HTTP', 1);
INSERT INTO `choices` VALUES (14, 63, 'FTP', 1);
INSERT INTO `choices` VALUES (15, 63, 'SMTP', 1);
INSERT INTO `choices` VALUES (16, 63, 'TCP', 0);
INSERT INTO `choices` VALUES (17, 63, 'UDP', 0);
INSERT INTO `choices` VALUES (18, 63, 'TFTP', 1);

-- ----------------------------
-- Table structure for reviews
-- ----------------------------
DROP TABLE IF EXISTS `reviews`;
CREATE TABLE `reviews`  (
  `review_id` int(6) NOT NULL AUTO_INCREMENT COMMENT '评论id',
  `content` text CHARACTER SET utf8 COLLATE utf8_unicode_520_ci NOT NULL COMMENT '评论内容',
  `article_id` int(6) NOT NULL COMMENT '文章id或者是回答的id',
  `user_id` varchar(12) CHARACTER SET utf8 COLLATE utf8_unicode_520_ci NOT NULL COMMENT '作者id',
  `release_time` datetime NOT NULL COMMENT '发布时间',
  `agree` int(6) NOT NULL DEFAULT 0 COMMENT '点赞数',
  `type` smallint(10) NOT NULL COMMENT '1 文章  0 回答',
  PRIMARY KEY (`review_id`) USING BTREE,
  INDEX `fk_review_userId`(`user_id`) USING BTREE,
  INDEX `fk_review_article`(`article_id`) USING BTREE,
  CONSTRAINT `fk_review_article` FOREIGN KEY (`article_id`) REFERENCES `articles` (`article_id`) ON DELETE CASCADE ON UPDATE CASCADE,
  CONSTRAINT `fk_review_userId` FOREIGN KEY (`user_id`) REFERENCES `users` (`user_id`) ON DELETE CASCADE ON UPDATE CASCADE
) ENGINE = InnoDB AUTO_INCREMENT = 59 CHARACTER SET = utf8 COLLATE = utf8_unicode_520_ci ROW_FORMAT = Dynamic;

-- ----------------------------
-- Records of reviews
-- ----------------------------
INSERT INTO `reviews` VALUES (29, '2.15 : 高速路上奔波6小时 + 班会 我傻了', 41, 'YY', '2022-02-15 22:22:42', 0, 1);
INSERT INTO `reviews` VALUES (30, '不过还好，还是做了一点点，迭代数据库 + 后端Springboot项目', 41, 'YY', '2022-02-15 22:23:45', 0, 1);
INSERT INTO `reviews` VALUES (32, '16号修改了编辑文章的组件，不过好像引入了更多的bug...QAQ', 41, 'YY', '2022-02-16 19:58:41', 0, 1);
INSERT INTO `reviews` VALUES (33, '优化了markdown的显示样式', 41, 'YY', '2022-02-16 21:28:18', 0, 1);
INSERT INTO `reviews` VALUES (34, '优化了markdown的显示样式', 41, 'YY', '2022-02-16 21:28:19', 0, 1);
INSERT INTO `reviews` VALUES (35, '这两天增加了 选择题卡片组件，初步实现了 发布选择题 + 选择题请求接口 实现 ', 41, 'YY', '2022-02-18 22:59:02', 1, 1);
INSERT INTO `reviews` VALUES (36, '昨天顾着模拟笔试了，忘记打卡了。 今天：路由懒加载 + 更新说明 + 导航页面的love接口+迭代页面样式', 41, 'YY', '2022-02-20 16:27:45', 0, 1);
INSERT INTO `reviews` VALUES (37, '加载性能优化：路由懒加载+去除sourceMap+cdn引入（external import）+去除重复引入的样式库', 41, 'YY', '2022-02-20 22:08:39', 2, 1);
INSERT INTO `reviews` VALUES (38, '记忆小窍门：物联网叔会使用。 物理层，链路层，网络层，传输层，会话层，表示层，应用层！', 55, 'YY', '2022-02-21 00:07:47', 5, 1);
INSERT INTO `reviews` VALUES (39, '这个技巧帅吧', 55, 'Hyy20', '2022-02-21 00:21:08', 1, 1);
INSERT INTO `reviews` VALUES (40, '复制粘贴', 55, 'userId', '2022-02-21 14:36:40', 0, 1);
INSERT INTO `reviews` VALUES (41, '这都被你看出来了哈哈哈哈', 55, 'YY', '2022-02-21 17:03:03', 0, 1);
INSERT INTO `reviews` VALUES (42, '这两日准备面试的东西，所幸，有所收获。比如项目的路由从hash模式到history模式。要不是面试官把我问傻了，都不知道可以改成这样。（结果：好看的URL）', 41, 'YY', '2022-02-22 20:50:48', 0, 1);
INSERT INTO `reviews` VALUES (43, '去除bulma.min.css的table样式相关内容。再次减少两个组件的重复引入。打包体积减少0.7MB！！！', 41, 'YY', '2022-02-22 20:52:18', 0, 1);
INSERT INTO `reviews` VALUES (44, '分离当前最大的vendor.js到1MB以内了。初次页面加载在10s以内。填充个人主页内容。创建了侧边栏组件', 41, 'test', '2022-02-24 23:52:54', 0, 1);
INSERT INTO `reviews` VALUES (45, '删除无用的“阅读全文”+“踩” 按钮 。404组件的样式响应式适配。ZHX这个测评太赞了。', 41, 'YY', '2022-02-26 00:17:23', 0, 1);
INSERT INTO `reviews` VALUES (46, '小火箭增加入场动画，首屏加载时间从10秒降至5秒（文件加载大小减少600KB）。增加评论及回答的排序功能。', 41, 'YY', '2022-02-26 15:42:04', 0, 1);
INSERT INTO `reviews` VALUES (47, '看这个需要注意，将左下角的音乐暂停。', 61, 'test', '2022-03-01 18:44:53', 0, 1);
INSERT INTO `reviews` VALUES (48, '用自己的cdn加速引入最大的mavon-editor（300KB） + 去除六个 bulma.min.css无用样式，减少60KB的app.css。预测3s内能显示页面', 41, 'YY', '2022-03-02 22:11:20', 1, 1);
INSERT INTO `reviews` VALUES (49, 'FTP：File Transfer Protocol，文件传输协议。是用于在网络上进行文件传输的一套标准协议，使用客户 服务器模式，使用 TCP 数据报，提供交互式访问，双向传输。  ', 63, 'YY', '2022-03-03 21:45:42', 1, 2);
INSERT INTO `reviews` VALUES (50, 'TFTP（Trivial File Transfer Protocol，简单文件传输协议）一个小且易实现的文件传输协议，也使用客户 服务器方式，使用 UDP 数据报，只支持文件传输而不支持交互，没有列目录，不能对用户进行身份鉴定。  ', 63, 'YY', '2022-03-03 21:49:10', 1, 2);
INSERT INTO `reviews` VALUES (51, 'SMTP（Simple Mail Transfer Protocol，简单邮件传输协议）是在 Internet 传输 Email 的标准，是一个相对简单的基于文本的协议。在其之上指定了一条消息的一个或多个接收者（在大多数情况下被确认是存在的），然后消息文本会被传输。可以很简单地通过 Telnet 程序来测试一个 SMTP 服务器。SMTP 使用 TCP 端口 25。  ', 63, 'YY', '2022-03-03 21:49:45', 0, 2);
INSERT INTO `reviews` VALUES (52, 'DHCP（Dynamic Host Configuration Protocol，动态主机设置协议）是一个局域网的网络协议，使用 UDP 协议工作，主要有两个用途：用于内部网络或网络服务供应商自动分配 IP 地址给用户 用于内部网络管理员作为对所有电脑作中央管理的手段', 63, 'YY', '2022-03-03 21:52:06', 0, 2);
INSERT INTO `reviews` VALUES (53, 'SNMP（Simple Network Management Protocol，简单网络管理协议）构成了互联网工程工作小组（IETF，Internet Engineering Task Force）定义的 Internet 协议族的一部分。该协议能够支持网络管理系统，用以监测连接到网络上的设备是否有任何引起管理上关注的情况。', 63, 'YY', '2022-03-03 21:52:29', 0, 2);
INSERT INTO `reviews` VALUES (55, '好久没打卡了（但是依旧coding）：路由守卫+切换路由时更改标题+增加音乐列表+最新的样式套用关注卡片样式+文章列表分页（但是后端还是全传了过来）+评论回答分页', 41, 'YY', '2022-03-07 12:54:04', 1, 1);
INSERT INTO `reviews` VALUES (56, 'Springboot里面的？', 65, 'YY', '2022-03-12 11:31:33', 1, 1);
INSERT INTO `reviews` VALUES (57, '1', 66, '123456', '2022-03-14 14:37:57', 0, 1);
INSERT INTO `reviews` VALUES (58, '去弄贪吃蛇就没来看你了QAQ，好像加一个自制的视频播放器组件就没什么东西了。再定个小目标，3月底前实现下拉底部自动加载功能！', 41, 'YY', '2022-03-15 16:47:35', 1, 1);

-- ----------------------------
-- Table structure for users
-- ----------------------------
DROP TABLE IF EXISTS `users`;
CREATE TABLE `users`  (
  `user_id` varchar(12) CHARACTER SET utf8 COLLATE utf8_unicode_520_ci NOT NULL COMMENT '用户id',
  `username` varchar(12) CHARACTER SET utf8 COLLATE utf8_unicode_520_ci NOT NULL COMMENT '用户名(昵称)',
  `password` varchar(100) CHARACTER SET utf8 COLLATE utf8_unicode_520_ci NOT NULL COMMENT '密码',
  `avatar` mediumtext CHARACTER SET utf8 COLLATE utf8_unicode_520_ci NULL COMMENT '头像url，最大16MB',
  `email` varchar(20) CHARACTER SET utf8 COLLATE utf8_unicode_520_ci NULL DEFAULT NULL COMMENT '邮箱',
  `description` varchar(30) CHARACTER SET utf8 COLLATE utf8_unicode_520_ci NULL DEFAULT NULL COMMENT '用户描述',
  `background` mediumtext CHARACTER SET utf8 COLLATE utf8_unicode_520_ci NULL COMMENT '用户主页背景图',
  PRIMARY KEY (`user_id`) USING BTREE
) ENGINE = InnoDB CHARACTER SET = utf8 COLLATE = utf8_unicode_520_ci ROW_FORMAT = Dynamic;

-- ----------------------------
-- Records of users
-- ----------------------------
INSERT INTO `users` VALUES ('1', 'YY', '3073382bad09bfd86341ed2601deacf7', 'https://img2.baidu.com/it/u=3178814705,1212037746&fm=26&fmt=auto', NULL, '文章搬运工', NULL);
INSERT INTO `users` VALUES ('123456', '123456', 'e10adc3949ba59abbe56e057f20f883e', NULL, NULL, '知道得越多，不知道的就越多。', NULL);
INSERT INTO `users` VALUES ('Hello', 'Pika', '3073382bad09bfd86341ed2601deacf7', '', NULL, '', '');
INSERT INTO `users` VALUES ('Hyy20', 'Hyy小号', 'e10adc3949ba59abbe56e057f20f883e', NULL, NULL, '知道得越多，不知道的就越多', 'http://cdn.yywebsite.cn/commnunity/file1645374035273');
INSERT INTO `users` VALUES ('hyy2000', 'hyy2000', 'afdcafcb73adb515023e9d58c9252091', NULL, NULL, NULL, NULL);
INSERT INTO `users` VALUES ('md5pwd', 'md5pwd', '02356b7259310c536cf47fa9186cead1', NULL, NULL, NULL, NULL);
INSERT INTO `users` VALUES ('p10', 'Neo', '123456', 'https://pic2.zhimg.com/v2-303ed004310567fa87d4b5f690f1256c_is.jpg', '9630123@qq.com', '我有一只别人家的小狗', NULL);
INSERT INTO `users` VALUES ('SZUE', 'SZUE', 'de1e084e0979b5b176d30d8fd8cd1442', NULL, NULL, NULL, NULL);
INSERT INTO `users` VALUES ('SZUER', 'SZUER', '7c2d83dcb1d284c15ed539ea961e960e', NULL, NULL, NULL, NULL);
INSERT INTO `users` VALUES ('test', 'YY小小号', 'e10adc3949ba59abbe56e057f20f883e', NULL, NULL, 'A man who is very cool', NULL);
INSERT INTO `users` VALUES ('user', 'ssss', 'de1e084e0979b5b176d30d8fd8cd1442', '', NULL, '12333', '');
INSERT INTO `users` VALUES ('userId', '江湖骗子', '4297f44b13955235245b2497399d7a93', 'http://cdn.yywebsite.cn/commnunity/file1647051114272', NULL, '我是一个管理员', 'http://cdn.yywebsite.cn/commnunity/file1647051128666');
INSERT INTO `users` VALUES ('YY', '友艺', 'e10adc3949ba59abbe56e057f20f883e', 'http://cdn.yywebsite.cn/commnunity/file1645255849831', NULL, '知道得越多，不知道的就越多', 'http://cdn.yywebsite.cn/commnunity/file1645255305985');

SET FOREIGN_KEY_CHECKS = 1;
